Adminmgr1,Admin2
Salesmgr3,Sales8
Tech2,Tech3
Tech2,Tech7
Sales1,Sales2
Admin1,Admin5
Sales2,Sales7
Sales8,Sales9
Techdir,Techmgr3
Sales1,Sales3
Salesmgr2,Sales4
Adminmgr1,Admin1
Sales5,Sales6
Salesmgr1,Sales4
Sales4,Sales6
Admindir,Adminmgr3
Salesdir,Sales4
Techmgr2,Tech5
Salesmgr4,Techdir
Admin2,Admin3
Techdir,Techmgr4
Admin5,Tech3
Salesmgr1,Salesmgr2
COO,Tech14
Adminmgr2,Admin5
Techdir,Techmgr2
Salesdir,Sales2
Tech9,Tech14
Salesmgr3,Sales7
Tech6,Tech7
Tech11,Tech12
Techmgr3,Tech10
COO,Tech7
COO,Tech4
Sales3,Sales5
Salesdir,Sales1
Salesmgr1,Sales10
Sales4,Sales9
Tech11,Tech13
Admin1,Admin2
Salesmgr1,Sales8
Admindir,Adminmgr1
Salesdir,Sales7
Sales4,Sales5
Admin5,Admin6
Salesdir,Salesmgr1
Salesdir,Sales5
Salesdir,Sales3
Salesmgr1,Sales2
Sales7,Sales9
Salesdir,Salesmgr2
Adminmgr2,Admin6
Tech3,Tech4
Sales1,Sales6
COO,Tech10
Salesmgr3,Sales10
Sales2,Sales5
Techmgr2,Tech6
Techdir,Tech1
Admin1,COO
Adminmgr2,Admin4
Admin3,Admin8
Salesmgr4,Salesmgr2
COO,Tech3
Techmgr2,Tech7
Sales1,Sales9
Salesmgr2,Sales9
Tech13,Tech14
Salesmgr4,Salesmgr3
COO,Techmgr3
COO,Techmgr2
Tech1,Tech10
Sales2,Sales6
Adminmgr3,Admin8
Sales1,Sales4
Sales7,Sales8
Admin4,Admin6
Techmgr2,Techmgr3
Tech5,Tech6
Salesmgr2,Salesmgr3
Techmgr4,Tech12
Tech9,Tech10
Sales2,Sales3
Salesmgr4,Admindir
Admin6,Admin8
Sales8,Sales10
Admin4,Tech7
Salesmgr4,Salesdir
Techdir,COO
Sales9,Sales10
Salesmgr2,Sales8
Salesmgr4,Adminmgr1
Tech2,Tech4
Salesmgr1,Salesmgr3
Techmgr4,Tech11
Sales7,Sales10
Techmgr3,Tech8
Tech8,Tech10
Salesdir,Sales8
Salesmgr3,Sales1
Admin4,Admin5
Admindir,Admin2
Techmgr4,Tech14
Admin1,Admin3
Sales6,Sales8
Salesmgr1,Sales6
Salesmgr4,Salesmgr1
Adminmgr3,Admin7
Sales3,Sales8
Salesdir,Sales9
Tech11,Tech14
Admin4,Sales1
Tech5,Tech7
Tech1,Tech3
Tech12,Tech13
Techmgr3,Tech9
Admindir,Adminmgr2
Salesmgr2,Sales6
Salesdir,Salesmgr3
Tech1,Tech4
Tech1,Tech2
Tech1,Tech7
Salesmgr1,Sales3
Salesmgr3,Sales3
Salesdir,Sales10
Techmgr4,Tech13
Salesmgr3,Sales9
Sales5,Sales8
Salesmgr2,Sales5
Admindir,Admin6
Tech12,Tech14
Tech8,Tech9
COO,Tech2
Salesdir,Sales6
Admin4,Tech11
Adminmgr1,Admin3
Salesmgr1,Sales1
CEO,COO
CEO,Techmgr2
CEO,Techmgr3
CEO,Techdir
CEO,Admindir
CEO,Salesdir
Research1,Research2
Research1,Research3
Research2,Research3
