activity_type,date,title,distance,calories,time,avg_hr,max_hr,aerobic_te,avg_run_cadence,max_run_cadence,avg_pace,best_pace,elev_gain,elev_loss,avg_stride_length,climb_time,min_temp,number_of_runs,month,year,week,weekday,quarter,time_exercise,date_exercise,day_of_week,time_day,week_or_end
Running,2020-03-15 18:36:50,Sydney Running,2.38,317.0,00:19:31,155,182,3.4,166.0,183.0,8:13,6:48,141,174,1.18,0:00,68.0,3.0,3,2020,11,6,1,18:36:50,2020-03-15,Sunday,night,weekend
Running,2020-03-11 18:26:18,Sydney Running,4.09,550.0,00:33:29,158,171,4.0,166.0,181.0,8:11,6:48,226,256,1.18,0:00,71.6,5.0,3,2020,11,2,1,18:26:18,2020-03-11,Wednesday,night,week_day
Running,2020-03-08 17:48:07,Sydney Running,2.82,336.0,00:21:16,150,168,3.3,167.0,195.0,7:32,5:44,128,190,1.28,0:00,71.6,3.0,3,2020,10,6,1,17:48:07,2020-03-08,Sunday,afternoon,weekend
Running,2020-03-04 18:41:53,Sydney Running,1.0,117.0,00:08:24.7,136,148,2.0,160.0,175.0,8:24,7:37,39,62,1.19,0:00,77.0,2.0,3,2020,10,2,1,18:41:53,2020-03-04,Wednesday,night,week_day
Running,2020-02-29 15:55:38,Sydney Running,2.8,347.0,00:22:17,150,170,3.4,166.0,213.0,7:58,6:38,135,187,1.22,0:00,80.6,3.0,2,2020,9,5,1,15:55:38,2020-02-29,Saturday,afternoon,weekend
Running,2020-02-25 18:51:46,Sydney Running,2.78,335.0,00:21:51,150,171,3.4,164.0,187.0,7:51,6:19,128,197,1.25,0:00,78.8,3.0,2,2020,9,1,1,18:51:46,2020-02-25,Tuesday,night,week_day
Running,2020-02-23 17:55:25,Sydney Running,2.91,334.0,00:22:29,144,169,3.4,163.0,185.0,7:43,6:02,157,187,1.28,0:00,75.2,3.0,2,2020,8,6,1,17:55:25,2020-02-23,Sunday,afternoon,weekend
Running,2020-02-17 19:11:52,Sydney Running,4.02,490.0,00:33:06,147,165,3.8,165.0,177.0,8:14,7:14,207,253,1.18,0:00,77.0,5.0,2,2020,8,0,1,19:11:52,2020-02-17,Monday,night,week_day
Running,2020-02-15 18:44:03,Sydney Running,2.26,279.0,00:20:38,138,166,2.9,159.0,179.0,9:08,7:21,125,141,1.11,0:00,77.0,3.0,2,2020,7,5,1,18:44:03,2020-02-15,Saturday,night,weekend
Running,2020-02-12 18:41:54,Sydney Running,4.01,521.0,00:32:52,155,175,4.3,167.0,193.0,8:12,5:57,220,259,1.18,0:00,77.0,5.0,2,2020,7,2,1,18:41:54,2020-02-12,Wednesday,night,week_day
Elliptical,2020-02-11 19:14:49,Elliptical,0.0,36.0,00:05:01.1,99,110,0.2,111.0,149.0,,,,,0.0,0:00,78.8,1.0,2,2020,7,1,1,19:14:49,2020-02-11,Tuesday,night,week_day
Running,2020-02-10 18:29:52,Sydney Running,3.92,499.0,00:33:24,147,168,3.9,164.0,181.0,8:31,7:00,236,259,1.15,0:00,78.8,4.0,2,2020,7,0,1,18:29:52,2020-02-10,Monday,night,week_day
Running,2020-02-06 18:10:38,Sydney Running,4.01,508.0,00:36:17,142,159,3.5,161.0,177.0,9:03,7:40,220,259,1.11,0:00,73.4,5.0,2,2020,6,3,1,18:10:38,2020-02-06,Thursday,night,week_day
Treadmill Running,2020-02-05 18:02:57,Treadmill Running,1.27,165.0,00:13:01,130,141,2.2,138.0,167.0,10:14,8:04,,,1.13,0:00,77.0,2.0,2,2020,6,2,1,18:02:57,2020-02-05,Wednesday,night,week_day
Treadmill Running,2020-02-04 16:35:50,Treadmill Running,0.63,65.0,00:05:10.2,128,137,1.2,162.0,168.0,8:12,7:30,,,1.21,0:00,75.2,1.0,2,2020,6,1,1,16:35:50,2020-02-04,Tuesday,afternoon,week_day
Treadmill Running,2020-02-03 18:01:11,Treadmill Running,1.27,148.0,00:10:54,135,147,2.3,164.0,169.0,8:34,7:37,,,1.15,0:00,75.2,2.0,2,2020,6,0,1,18:01:11,2020-02-03,Monday,night,week_day
Running,2020-02-01 14:37:52,Sydney Running,2.64,359.0,00:23:11,152,171,3.7,160.0,178.0,8:47,6:59,118,174,1.15,0:00,91.4,3.0,2,2020,5,5,1,14:37:52,2020-02-01,Saturday,afternoon,weekend
Running,2020-01-23 06:36:29,Running,0.49,71.0,00:04:23.3,159,173,2.1,166.0,183.0,8:56,8:11,,39,1.08,0:00,78.8,1.0,1,2020,4,3,1,06:36:29,2020-01-23,Thursday,morning,week_day
Running,2020-01-16 07:18:28,Running,1.16,177.0,00:11:19,156,172,3.0,145.0,179.0,9:47,8:23,52,75,1.15,0:00,75.2,2.0,1,2020,3,3,1,07:18:28,2020-01-16,Thursday,morning,week_day
Running,2020-01-12 15:05:31,Sydney Running,2.13,281.0,00:18:25,151,169,3.3,164.0,176.0,8:40,7:46,125,141,1.13,0:00,68.0,3.0,1,2020,2,6,1,15:05:31,2020-01-12,Sunday,afternoon,weekend
Cycling,2019-12-29 16:34:02,Sydney Cycling,3.36,183.0,00:23:32,106,134,0.8,,,8.6,23.1,174,187,0.0,0:00,80.6,1.0,12,2019,52,6,4,16:34:02,2019-12-29,Sunday,afternoon,weekend
Cycling,2019-12-28 19:08:14,Sydney Cycling,3.48,223.0,00:26:36,111,134,1.2,,,7.9,23.5,187,180,0.0,0:00,77.0,1.0,12,2019,52,5,4,19:08:14,2019-12-28,Saturday,night,weekend
Running,2019-12-28 18:18:29,Sydney Running,2.5,289.0,00:20:46,139,155,3.1,162.0,183.0,8:18,6:42,102,167,1.2,0:00,75.2,3.0,12,2019,52,5,4,18:18:29,2019-12-28,Saturday,night,weekend
Treadmill Running,2019-12-15 15:32:23,Treadmill Running,1.26,156.0,00:10:35,143,155,2.6,163.0,169.0,8:23,7:20,,,1.18,0:00,75.2,2.0,12,2019,50,6,4,15:32:23,2019-12-15,Sunday,afternoon,weekend
Running,2019-11-28 18:31:09,Darwin Running,3.01,375.0,00:25:54,145,173,3.5,160.0,177.0,8:36,7:01,69,82,1.17,0:00,87.8,4.0,11,2019,48,3,4,18:31:09,2019-11-28,Thursday,night,week_day
Running,2019-11-24 18:51:37,Darwin Running,3.13,414.0,00:27:31,149,168,3.6,155.0,196.0,8:47,7:23,75,89,1.18,0:00,82.4,4.0,11,2019,47,6,4,18:51:37,2019-11-24,Sunday,night,weekend
Running,2019-11-16 17:29:49,Sydney Running,2.0,253.0,00:17:28,144,165,3.1,161.0,177.0,8:44,7:47,46,16,1.15,0:00,71.6,3.0,11,2019,46,5,4,17:29:49,2019-11-16,Saturday,afternoon,weekend
Elliptical,2019-11-14 18:30:33,Elliptical,0.0,53.0,00:10:32,86,131,0.2,70.0,98.0,,,,,0.0,0:00,75.2,1.0,11,2019,46,3,4,18:30:33,2019-11-14,Thursday,night,week_day
Treadmill Running,2019-11-13 18:02:55,Treadmill Running,1.39,134.0,00:10:24,131,148,2.0,167.0,173.0,7:30,7:06,,,1.29,0:00,73.4,2.0,11,2019,46,2,4,18:02:55,2019-11-13,Wednesday,night,week_day
Running,2019-11-12 17:34:02,Sydney Running,3.07,394.0,00:26:20,149,169,3.2,163.0,180.0,8:34,7:17,82,66,1.15,0:00,86.0,4.0,11,2019,46,1,4,17:34:02,2019-11-12,Tuesday,afternoon,week_day
Running,2019-11-10 18:57:37,Sydney Running,1.32,165.0,00:10:46,150,162,2.7,164.0,173.0,8:11,7:39,33,43,1.2,0:00,68.0,2.0,11,2019,45,6,4,18:57:37,2019-11-10,Sunday,night,weekend
Running,2019-11-02 16:36:45,Sydney Running,3.1,384.0,00:25:49,148,161,3.3,161.0,189.0,8:20,6:09,75,66,1.2,0:00,75.2,4.0,11,2019,44,5,4,16:36:45,2019-11-02,Saturday,afternoon,weekend
Running,2019-10-31 06:27:47,Sydney Running,0.46,50.0,00:03:53.4,131,146,1.1,157.0,170.0,8:32,7:16,10,16,1.2,0:00,77.0,1.0,10,2019,44,3,4,06:27:47,2019-10-31,Thursday,morning,week_day
Treadmill Running,2019-10-29 19:02:16,Treadmill Running,0.59,64.0,00:05:04.8,130,148,1.1,159.0,170.0,8:40,7:37,,,1.17,0:00,75.2,1.0,10,2019,44,1,4,19:02:16,2019-10-29,Tuesday,night,week_day
Running,2019-10-28 18:57:27,Sydney Running,4.69,610.0,00:39:49,153,177,4.0,164.0,182.0,8:30,6:36,89,92,1.15,0:00,66.2,5.0,10,2019,44,0,4,18:57:27,2019-10-28,Monday,night,week_day
Running,2019-10-26 17:11:34,Sydney Running,0.37,45.0,00:03:05.5,150,163,1.1,162.0,173.0,8:19,7:50,10,10,1.19,0:00,78.8,1.0,10,2019,43,5,4,17:11:34,2019-10-26,Saturday,afternoon,weekend
Running,2019-10-26 16:31:35,Sydney Running,1.37,166.0,00:11:48,143,164,2.4,162.0,173.0,8:37,6:55,69,56,1.15,0:00,86.0,2.0,10,2019,43,5,4,16:31:35,2019-10-26,Saturday,afternoon,weekend
Treadmill Running,2019-10-25 21:42:35,Treadmill Running,0.8,86.0,00:06:01.0,142,155,2.0,163.0,171.0,7:30,6:57,,,1.32,0:00,77.0,1.0,10,2019,43,4,4,21:42:35,2019-10-25,Friday,night,week_day
Treadmill Running,2019-10-24 21:20:57,Treadmill Running,0.77,78.0,00:05:46.5,136,153,1.7,164.0,172.0,7:33,6:59,,,1.3,0:00,78.8,1.0,10,2019,43,3,4,21:20:57,2019-10-24,Thursday,night,week_day
Treadmill Running,2019-10-23 20:37:36,Treadmill Running,1.11,197.0,00:21:18,120,154,2.2,69.0,173.0,19:11,6:54,,,0.9,0:00,75.2,2.0,10,2019,43,2,4,20:37:36,2019-10-23,Wednesday,night,week_day
Running,2019-10-21 18:10:23,Sydney Running,4.13,542.0,00:35:08,153,190,4.1,164.0,179.0,8:30,6:51,164,161,1.15,0:00,68.0,5.0,10,2019,43,0,4,18:10:23,2019-10-21,Monday,night,week_day
Treadmill Running,2019-10-19 20:07:34,Treadmill Running,0.97,120.0,00:08:22.7,141,149,2.2,165.0,173.0,8:39,7:41,,,1.13,0:00,75.2,1.0,10,2019,42,5,4,20:07:34,2019-10-19,Saturday,night,weekend
Treadmill Running,2019-10-18 18:14:16,Treadmill Running,1.78,237.0,00:14:46,158,169,3.1,169.0,177.0,8:18,7:35,,,1.15,0:00,71.6,2.0,10,2019,42,4,4,18:14:16,2019-10-18,Friday,night,week_day
Running,2019-10-18 18:00:08,Sydney Running,1.21,176.0,00:12:15,142,160,2.5,162.0,171.0,10:05,7:47,121,115,0.98,0:00,71.6,2.0,10,2019,42,4,4,18:00:08,2019-10-18,Friday,night,week_day
Treadmill Running,2019-10-17 18:09:28,Treadmill Running,1.87,271.0,00:17:29,152,167,3.3,164.0,177.0,9:21,7:34,,,1.05,0:00,73.4,2.0,10,2019,42,3,4,18:09:28,2019-10-17,Thursday,night,week_day
Treadmill Running,2019-10-16 18:40:43,Treadmill Running,1.83,260.0,00:17:11,149,177,3.2,165.0,175.0,9:24,7:41,,,1.04,0:00,75.2,2.0,10,2019,42,2,4,18:40:43,2019-10-16,Wednesday,night,week_day
Treadmill Running,2019-10-15 18:51:06,Treadmill Running,1.83,256.0,00:17:51,142,162,3.1,159.0,177.0,9:46,7:36,,,1.04,0:00,75.2,2.0,10,2019,42,1,4,18:51:06,2019-10-15,Tuesday,night,week_day
Treadmill Running,2019-10-11 18:38:04,Treadmill Running,0.92,153.0,00:11:04,140,154,2.4,133.0,168.0,11:59,8:10,,,1.01,0:00,75.2,1.0,10,2019,41,4,4,18:38:04,2019-10-11,Friday,night,week_day
Running,2019-10-08 18:22:44,Sydney Running,3.52,485.0,00:31:11,155,174,4.0,164.0,216.0,8:52,7:12,240,233,1.11,0:00,60.8,4.0,10,2019,41,1,4,18:22:44,2019-10-08,Tuesday,night,week_day
Running,2019-10-07 15:59:28,Sydney Running,4.09,586.0,00:38:12,154,183,4.6,160.0,195.0,9:21,5:10,223,164,1.08,0:00,71.6,5.0,10,2019,41,0,4,15:59:28,2019-10-07,Monday,afternoon,week_day
Running,2019-09-26 21:37:48,Running,0.25,27.0,00:02:19.4,124,137,0.5,151.0,165.0,9:25,8:54,,10,1.13,0:00,78.8,1.0,9,2019,39,3,3,21:37:48,2019-09-26,Thursday,night,week_day
Running,2019-09-26 21:27:37,Running,0.43,51.0,00:04:06.5,129,140,1.1,154.0,165.0,9:29,8:54,,39,1.1,0:00,82.4,1.0,9,2019,39,3,3,21:27:37,2019-09-26,Thursday,night,week_day
Running,2019-09-26 11:07:36,Santiago Running,0.73,91.0,00:06:12.2,145,165,2.1,156.0,176.0,8:32,8:24,46,39,1.21,0:00,96.8,1.0,9,2019,39,3,3,11:07:36,2019-09-26,Thursday,morning,week_day
Elliptical,2019-09-26 09:32:00,Elliptical,0.0,13.0,00:05:05.7,70,82,0.0,108.0,137.0,,,,,0.0,0:00,80.6,1.0,9,2019,39,3,3,09:32:00,2019-09-26,Thursday,morning,week_day
Running,2019-09-26 07:42:40,Santiago Running,0.27,29.0,00:02:26.6,130,143,1.0,157.0,175.0,9:08,8:24,10,23,1.13,0:00,77.0,1.0,9,2019,39,3,3,07:42:40,2019-09-26,Thursday,morning,week_day
Running,2019-09-23 21:30:48,Running,0.6,76.0,00:05:29.1,137,149,2.0,157.0,171.0,9:07,8:43,26,46,1.12,0:00,84.2,1.0,9,2019,39,0,3,21:30:48,2019-09-23,Monday,night,week_day
Running,2019-09-21 17:41:19,Santiago Running,4.01,546.0,00:35:48,150,173,4.1,163.0,181.0,8:56,7:45,79,118,1.11,0:00,86.0,5.0,9,2019,38,5,3,17:41:19,2019-09-21,Saturday,afternoon,weekend
Treadmill Running,2019-09-21 09:05:38,Treadmill Running,1.04,126.0,00:09:41.2,132,143,2.1,159.0,163.0,9:17,8:49,,,1.09,0:00,75.2,2.0,9,2019,38,5,3,09:05:38,2019-09-21,Saturday,morning,weekend
Elliptical,2019-09-19 08:22:02,Elliptical,0.0,28.0,00:07:27.8,78,103,0.1,96.0,133.0,,,,,0.0,0:00,78.8,1.0,9,2019,38,3,3,08:22:02,2019-09-19,Thursday,morning,week_day
Treadmill Running,2019-09-19 07:31:44,Treadmill Running,0.89,112.0,00:07:27.5,145,157,2.3,169.0,179.0,8:25,6:27,,,1.13,0:00,80.6,1.0,9,2019,38,3,3,07:31:44,2019-09-19,Thursday,morning,week_day
Elliptical,2019-09-17 07:10:00,Elliptical,0.0,184.0,00:18:45,116,136,1.7,74.0,148.0,,,,,0.0,0:00,80.6,1.0,9,2019,38,1,3,07:10:00,2019-09-17,Tuesday,morning,week_day
Running,2019-09-14 18:29:52,Santiago Running,0.0,,00:00:00.8,124,124,,,,7:55,19:42,,,0.0,0:00,91.4,1.0,9,2019,37,5,3,18:29:52,2019-09-14,Saturday,night,weekend
Running,2019-09-14 17:43:13,Santiago Running,4.51,659.0,00:41:32,154,178,4.6,160.0,182.0,9:12,7:46,105,121,1.09,0:00,91.4,5.0,9,2019,37,5,3,17:43:13,2019-09-14,Saturday,afternoon,weekend
Treadmill Running,2019-09-12 09:36:08,Treadmill Running,0.69,85.0,00:06:34.2,129,141,1.6,141.0,175.0,9:32,6:45,,,1.19,0:00,80.6,1.0,9,2019,37,3,3,09:36:08,2019-09-12,Thursday,morning,week_day
Treadmill Running,2019-09-11 07:22:45,Treadmill Running,0.88,105.0,00:06:40.8,152,161,2.3,163.0,175.0,7:37,6:38,,,1.3,0:00,80.6,1.0,9,2019,37,2,3,07:22:45,2019-09-11,Wednesday,morning,week_day
Running,2019-09-09 18:58:21,Santiago Running,0.57,62.0,00:04:34.8,134,157,1.5,155.0,177.0,8:03,6:56,39,49,1.29,0:00,84.2,1.0,9,2019,37,0,3,18:58:21,2019-09-09,Monday,night,week_day
Running,2019-09-08 06:36:18,Running,0.57,74.0,00:05:22.7,134,147,1.8,146.0,175.0,9:31,8:49,36,39,1.16,0:00,84.2,1.0,9,2019,36,6,3,06:36:18,2019-09-08,Sunday,morning,weekend
Running,2019-09-03 16:09:25,Kansas City Running,0.26,33.0,00:02:41.3,126,144,0.7,131.0,184.0,10:14,7:05,7,,1.2,0:00,91.4,1.0,9,2019,36,1,3,16:09:25,2019-09-03,Tuesday,afternoon,week_day
Running,2019-09-03 09:26:31,Kansas City Running,2.01,275.0,00:17:52,147,158,3.2,167.0,175.0,8:54,7:42,108,,1.08,0:00,84.2,3.0,9,2019,36,1,3,09:26:31,2019-09-03,Tuesday,morning,week_day
Cycling,2019-08-29 15:41:34,Washington Cycling,1.02,64.0,00:11:45,90,121,0.3,,,5.2,16.6,66,85,0.0,0:00,84.2,1.0,8,2019,35,3,3,15:41:34,2019-08-29,Thursday,afternoon,week_day
Cycling,2019-08-27 22:13:01,Washington Cycling,4.36,191.0,00:43:16,84,111,0.4,,,6.0,15.7,92,118,0.0,0:00,78.8,1.0,8,2019,35,1,3,22:13:01,2019-08-27,Tuesday,night,week_day
Cycling,2019-08-27 10:40:24,Washington Cycling,4.11,171.0,00:33:47,89,113,0.4,,,7.3,14.4,141,66,0.0,0:00,78.8,1.0,8,2019,35,1,3,10:40:24,2019-08-27,Tuesday,morning,week_day
Cycling,2019-08-26 21:29:41,Washington Cycling,2.43,128.0,00:26:37,86,116,0.3,,,5.5,19.3,79,115,0.0,0:00,78.8,1.0,8,2019,35,0,3,21:29:41,2019-08-26,Monday,night,week_day
Cycling,2019-08-26 20:46:26,Washington Cycling,0.84,56.0,00:06:53.4,104,125,0.4,,,7.3,11.4,49,7,0.0,0:00,77.0,1.0,8,2019,35,0,3,20:46:26,2019-08-26,Monday,night,week_day
Cycling,2019-08-26 18:30:53,Washington Cycling,0.78,26.0,00:04:53.8,87,95,0.1,,,9.5,24.4,26,43,0.0,0:00,78.8,1.0,8,2019,35,0,3,18:30:53,2019-08-26,Monday,night,week_day
Cycling,2019-08-26 17:24:07,Washington Cycling,0.95,47.0,00:07:09.0,96,107,0.2,,,8.0,17.9,49,26,0.0,0:00,80.6,1.0,8,2019,35,0,3,17:24:07,2019-08-26,Monday,afternoon,week_day
Cycling,2019-08-26 11:31:48,Washington Cycling,0.44,27.0,00:04:28.0,91,112,0.1,,,5.9,19.1,16,13,0.0,0:00,80.6,1.0,8,2019,35,0,3,11:31:48,2019-08-26,Monday,morning,week_day
Cycling,2019-08-26 09:42:55,Washington Cycling,2.72,122.0,00:23:55,88,116,0.3,,,6.8,21.8,102,105,0.0,0:00,77.0,1.0,8,2019,35,0,3,09:42:55,2019-08-26,Monday,morning,week_day
Cycling,2019-08-26 09:21:18,Washington Cycling,0.71,21.0,00:04:44.2,82,94,0.1,,,9.0,16.1,26,36,0.0,0:00,77.0,1.0,8,2019,35,0,3,09:21:18,2019-08-26,Monday,morning,week_day
Cycling,2019-08-26 08:05:17,Washington Cycling,0.41,20.0,00:03:32.3,90,99,0.1,,,6.9,13.3,36,7,0.0,0:00,75.2,1.0,8,2019,35,0,3,08:05:17,2019-08-26,Monday,morning,week_day
Cycling,2019-08-25 22:58:16,Washington Cycling,2.25,82.0,00:17:45,84,105,0.2,,,7.6,15.6,72,43,0.0,0:00,75.2,1.0,8,2019,34,6,3,22:58:16,2019-08-25,Sunday,night,weekend
Cycling,2019-08-25 14:59:55,Washington Cycling,1.87,69.0,00:11:41,92,109,0.2,,,9.6,20.0,56,72,0.0,0:00,78.8,1.0,8,2019,34,6,3,14:59:55,2019-08-25,Sunday,afternoon,weekend
Cycling,2019-08-25 11:40:26,Washington Cycling,0.72,26.0,00:06:59.4,76,100,0.1,,,6.2,11.5,33,,0.0,0:00,84.2,1.0,8,2019,34,6,3,11:40:26,2019-08-25,Sunday,morning,weekend
Cycling,2019-08-25 10:44:41,Washington Cycling,2.43,110.0,00:20:06,90,113,0.3,,,7.2,18.2,20,115,0.0,0:00,80.6,1.0,8,2019,34,6,3,10:44:41,2019-08-25,Sunday,morning,weekend
Cycling,2019-08-25 09:10:04,Washington Cycling,3.0,176.0,00:31:15,92,132,0.6,,,5.8,15.8,180,79,0.0,0:00,77.0,1.0,8,2019,34,6,3,09:10:04,2019-08-25,Sunday,morning,weekend
Cycling,2019-08-24 13:09:00,Washington Cycling,2.89,181.0,00:30:59,93,120,0.5,,,5.6,16.9,46,171,0.0,0:00,87.8,1.0,8,2019,34,5,3,13:09:00,2019-08-24,Saturday,afternoon,weekend
Cycling,2019-08-24 03:39:37,Washington Cycling,0.95,76.0,00:06:43.6,121,141,1.1,,,8.5,21.8,23,49,0.0,0:00,73.4,1.0,8,2019,34,5,3,03:39:37,2019-08-24,Saturday,night,weekend
Cycling,2019-08-23 15:03:08,Washington Cycling,0.76,85.0,00:07:37.2,120,128,1.1,,,6.0,13.5,49,16,0.0,0:00,77.0,1.0,8,2019,34,4,3,15:03:08,2019-08-23,Friday,afternoon,week_day
Cycling,2019-08-23 02:42:36,Washington Cycling,1.07,143.0,07:14:54,87,125,0.4,,,0.1,20.0,36,49,0.0,0:00,69.8,1.0,8,2019,34,4,3,02:42:36,2019-08-23,Friday,night,week_day
Cycling,2019-08-22 15:04:21,Washington Cycling,0.16,50.0,00:07:19.6,98,111,0.2,,,1.3,11.4,46,,0.0,0:00,82.4,1.0,8,2019,34,3,3,15:04:21,2019-08-22,Thursday,afternoon,week_day
Running,2019-08-21 16:21:27,Washington Running,2.01,276.0,00:17:54,150,170,3.2,165.0,183.0,8:55,6:57,161,75,1.09,0:00,86.0,3.0,8,2019,34,2,3,16:21:27,2019-08-21,Wednesday,afternoon,week_day
Cycling,2019-08-20 23:01:32,Washington Cycling,2.12,111.0,00:20:03,90,118,0.4,,,6.3,13.5,79,49,0.0,0:00,80.6,1.0,8,2019,34,1,3,23:01:32,2019-08-20,Tuesday,night,week_day
Cycling,2019-08-20 16:07:23,Washington Cycling,2.03,107.0,00:11:13,112,146,1.1,,,10.9,16.4,49,79,0.0,0:00,82.4,1.0,8,2019,34,1,3,16:07:23,2019-08-20,Tuesday,afternoon,week_day
Cycling,2019-08-20 15:03:04,Washington Cycling,0.87,64.0,00:10:40,92,106,0.2,,,4.9,14.6,23,30,0.0,0:00,93.2,1.0,8,2019,34,1,3,15:03:04,2019-08-20,Tuesday,afternoon,week_day
Cycling,2019-08-19 22:49:28,Washington Cycling,0.91,57.0,00:07:03.7,104,122,0.4,,,7.7,19.2,20,66,0.0,0:00,87.8,1.0,8,2019,34,0,3,22:49:28,2019-08-19,Monday,night,week_day
Cycling,2019-08-18 21:53:39,Washington Cycling,2.02,108.0,00:17:59,93,112,0.4,,,6.7,12.7,75,36,0.0,0:00,86.0,1.0,8,2019,33,6,3,21:53:39,2019-08-18,Sunday,night,weekend
Cycling,2019-08-18 11:02:45,Washington Cycling,1.05,65.0,00:10:27,94,110,0.3,,,6.1,20.4,20,46,0.0,0:00,93.2,1.0,8,2019,33,6,3,11:02:45,2019-08-18,Sunday,morning,weekend
Cycling,2019-08-18 04:18:44,Washington Cycling,0.86,112.0,00:22:13,87,125,0.3,,,2.3,18.8,43,46,0.0,0:00,82.4,1.0,8,2019,33,6,3,04:18:44,2019-08-18,Sunday,night,weekend
Cycling,2019-08-17 15:04:19,Washington Cycling,0.48,54.0,00:06:27.8,105,128,0.5,,,4.5,17.1,49,3,0.0,0:00,80.6,1.0,8,2019,33,5,3,15:04:19,2019-08-17,Saturday,afternoon,weekend
Cycling,2019-08-17 00:55:05,Washington Cycling,2.12,124.0,00:17:52,99,124,0.6,,,7.1,16.4,72,39,0.0,0:00,84.2,1.0,8,2019,33,5,3,00:55:05,2019-08-17,Saturday,night,weekend
Cycling,2019-08-16 15:50:00,Washington Cycling,1.9,113.0,00:12:19,111,130,0.8,,,9.2,16.9,46,56,0.0,0:00,87.8,1.0,8,2019,33,4,3,15:50:00,2019-08-16,Friday,afternoon,week_day
Cycling,2019-08-14 21:14:07,Washington Cycling,0.76,45.0,00:06:15.3,99,117,0.3,,,7.3,22.0,23,52,0.0,0:00,84.2,1.0,8,2019,33,2,3,21:14:07,2019-08-14,Wednesday,night,week_day
Cycling,2019-08-14 16:52:39,Washington Cycling,1.01,33.0,00:06:53.3,84,98,0.1,,,8.8,16.9,59,26,0.0,0:00,82.4,1.0,8,2019,33,2,3,16:52:39,2019-08-14,Wednesday,afternoon,week_day
Cycling,2019-08-12 18:47:32,Washington Cycling,1.02,47.0,00:07:38.0,93,117,0.2,,,8.0,21.5,20,43,0.0,0:00,87.8,1.0,8,2019,33,0,3,18:47:32,2019-08-12,Monday,night,week_day
Cycling,2019-08-12 18:16:03,Washington Cycling,0.84,62.0,00:07:17.1,106,128,0.5,,,6.9,18.5,59,7,0.0,0:00,77.0,1.0,8,2019,33,0,3,18:16:03,2019-08-12,Monday,night,week_day
Cycling,2019-08-11 03:54:02,Washington Cycling,0.83,72.0,00:12:32,91,109,0.2,,,4.0,19.7,36,59,0.0,0:00,77.0,1.0,8,2019,32,6,3,03:54:02,2019-08-11,Sunday,night,weekend
Cycling,2019-08-10 18:33:28,Washington Cycling,1.07,57.0,00:06:19.9,109,131,0.5,,,10.2,26.5,36,20,0.0,0:00,80.6,1.0,8,2019,32,5,3,18:33:28,2019-08-10,Saturday,night,weekend
Running,2019-08-10 12:02:04,Washington Running,3.12,464.0,00:35:02,137,158,2.7,151.0,173.0,11:13,8:32,190,148,0.95,0:00,82.4,4.0,8,2019,32,5,3,12:02:04,2019-08-10,Saturday,afternoon,weekend
Cycling,2019-08-09 15:50:34,Washington Cycling,1.99,64.0,00:10:11,94,112,0.2,,,11.7,19.6,49,69,0.0,0:00,82.4,1.0,8,2019,32,4,3,15:50:34,2019-08-09,Friday,afternoon,week_day
Cycling,2019-08-09 02:28:47,Washington Cycling,0.87,39.0,00:05:21.3,99,113,0.2,,,9.8,23.5,26,43,0.0,0:00,84.2,1.0,8,2019,32,4,3,02:28:47,2019-08-09,Friday,night,week_day
Cycling,2019-08-08 15:07:23,Washington Cycling,1.03,25.0,00:06:11.0,79,94,0.0,,,10.0,23.1,56,13,0.0,0:00,80.6,1.0,8,2019,32,3,3,15:07:23,2019-08-08,Thursday,afternoon,week_day
Cycling,2019-08-08 00:09:44,Washington Cycling,1.19,153.0,00:27:23,91,128,0.5,,,2.6,18.8,36,56,0.0,0:00,80.6,1.0,8,2019,32,3,3,00:09:44,2019-08-08,Thursday,night,week_day
Cycling,2019-08-07 15:09:06,Washington Cycling,0.91,55.0,00:06:52.7,103,127,0.3,,,7.9,16.3,43,26,0.0,0:00,82.4,1.0,8,2019,32,2,3,15:09:06,2019-08-07,Wednesday,afternoon,week_day
Cycling,2019-08-07 00:39:18,Washington Cycling,0.63,45.0,00:05:24.2,103,122,0.3,,,7.0,21.0,23,52,0.0,0:00,84.2,1.0,8,2019,32,2,3,00:39:18,2019-08-07,Wednesday,night,week_day
Cycling,2019-08-06 15:09:39,Cycling,0.0,33.0,00:05:34.0,91,119,0.1,,,,,,,0.0,0:00,80.6,1.0,8,2019,32,1,3,15:09:39,2019-08-06,Tuesday,afternoon,week_day
Cycling,2019-08-05 22:59:31,Washington Cycling,1.91,94.0,00:14:24,97,118,0.3,,,8.0,15.5,62,36,0.0,0:00,82.4,1.0,8,2019,32,0,3,22:59:31,2019-08-05,Monday,night,week_day
Cycling,2019-08-05 15:54:28,Washington Cycling,1.87,108.0,00:11:13,113,152,1.0,,,10.0,19.3,43,69,0.0,0:00,82.4,1.0,8,2019,32,0,3,15:54:28,2019-08-05,Monday,afternoon,week_day
Cycling,2019-08-04 21:04:15,Washington Cycling,2.34,108.0,00:17:21,95,112,0.3,,,8.1,15.0,69,46,0.0,0:00,84.2,1.0,8,2019,31,6,3,21:04:15,2019-08-04,Sunday,night,weekend
Cycling,2019-08-04 15:53:17,Washington Cycling,1.43,89.0,00:11:57,101,117,0.4,,,7.2,19.1,23,56,0.0,0:00,84.2,1.0,8,2019,31,6,3,15:53:17,2019-08-04,Sunday,afternoon,weekend
Cycling,2019-08-04 04:00:09,Washington Cycling,0.88,100.0,00:14:35,98,118,0.3,,,3.6,20.2,39,49,0.0,0:00,82.4,1.0,8,2019,31,6,3,04:00:09,2019-08-04,Sunday,night,weekend
Cycling,2019-08-03 19:01:08,Washington Cycling,0.77,79.0,00:07:29.7,116,139,0.8,,,6.1,14.9,52,23,0.0,0:00,82.4,1.0,8,2019,31,5,3,19:01:08,2019-08-03,Saturday,night,weekend
Cycling,2019-08-02 15:54:52,Washington Cycling,1.57,71.0,00:10:40,96,116,0.3,,,8.8,19.3,33,49,0.0,0:00,82.4,1.0,8,2019,31,4,3,15:54:52,2019-08-02,Friday,afternoon,week_day
Cycling,2019-08-01 23:38:08,Washington Cycling,0.74,18.0,00:03:42.7,85,97,0.0,,,12.0,21.3,26,46,0.0,0:00,84.2,1.0,8,2019,31,3,3,23:38:08,2019-08-01,Thursday,night,week_day
Cycling,2019-08-01 15:03:38,Washington Cycling,1.02,46.0,00:06:21.8,98,126,0.3,,,9.6,17.9,46,36,0.0,0:00,82.4,1.0,8,2019,31,3,3,15:03:38,2019-08-01,Thursday,afternoon,week_day
Cycling,2019-08-01 00:36:37,Washington Cycling,1.1,89.0,00:15:28,92,105,0.2,,,4.3,20.3,33,49,0.0,0:00,80.6,1.0,8,2019,31,3,3,00:36:37,2019-08-01,Thursday,night,week_day
Cycling,2019-07-31 15:08:42,Washington Cycling,1.03,49.0,00:06:04.6,103,120,0.3,,,10.1,22.4,52,20,0.0,0:00,77.0,1.0,7,2019,31,2,3,15:08:42,2019-07-31,Wednesday,afternoon,week_day
Cycling,2019-07-31 01:45:55,Washington Cycling,0.93,38.0,00:05:27.6,97,113,0.2,,,10.2,20.4,30,52,0.0,0:00,82.4,1.0,7,2019,31,2,3,01:45:55,2019-07-31,Wednesday,night,week_day
Cycling,2019-07-30 15:00:36,Washington Cycling,1.02,35.0,00:06:53.0,86,101,0.1,,,8.9,22.6,62,26,0.0,0:00,82.4,1.0,7,2019,31,1,3,15:00:36,2019-07-30,Tuesday,afternoon,week_day
Cycling,2019-07-29 22:36:38,Washington Cycling,2.11,88.0,00:14:54,92,111,0.3,,,8.5,16.3,62,39,0.0,0:00,86.0,1.0,7,2019,31,0,3,22:36:38,2019-07-29,Monday,night,week_day
Cycling,2019-07-29 15:51:24,Washington Cycling,1.47,68.0,00:10:36,94,114,0.3,,,8.3,16.5,33,59,0.0,0:00,82.4,1.0,7,2019,31,0,3,15:51:24,2019-07-29,Monday,afternoon,week_day
Cycling,2019-07-28 22:03:27,Washington Cycling,1.98,88.0,00:17:11,87,109,0.2,,,6.9,15.4,62,39,0.0,0:00,86.0,1.0,7,2019,30,6,3,22:03:27,2019-07-28,Sunday,night,weekend
Cycling,2019-07-28 15:52:02,Washington Cycling,2.05,94.0,00:10:50,108,137,0.7,,,11.3,19.2,46,66,0.0,0:00,80.6,1.0,7,2019,30,6,3,15:52:02,2019-07-28,Sunday,afternoon,weekend
Cycling,2019-07-28 04:21:50,Washington Cycling,0.63,49.0,00:04:45.0,113,133,0.5,,,7.9,25.3,23,52,0.0,0:00,82.4,1.0,7,2019,30,6,3,04:21:50,2019-07-28,Sunday,night,weekend
Cycling,2019-07-27 15:11:37,Washington Cycling,0.42,23.0,00:03:24.3,97,114,0.1,,,7.3,13.4,20,3,0.0,0:00,87.8,1.0,7,2019,30,5,3,15:11:37,2019-07-27,Saturday,afternoon,weekend
Running,2019-07-27 11:44:59,Washington Running,2.26,317.0,00:23:21,135,148,2.6,155.0,163.0,10:21,8:56,167,102,1.0,0:00,87.8,3.0,7,2019,30,5,3,11:44:59,2019-07-27,Saturday,morning,weekend
Cycling,2019-07-26 21:29:23,Washington Cycling,2.29,79.0,00:17:35,83,107,0.2,,,7.8,15.9,52,43,0.0,0:00,82.4,1.0,7,2019,30,4,3,21:29:23,2019-07-26,Friday,night,week_day
Cycling,2019-07-26 15:53:25,Washington Cycling,1.68,112.0,00:11:00,117,168,1.4,,,9.2,20.9,56,62,0.0,0:00,77.0,1.0,7,2019,30,4,3,15:53:25,2019-07-26,Friday,afternoon,week_day
Cycling,2019-07-25 22:53:41,Washington Cycling,2.15,112.0,00:17:20,95,127,0.5,,,7.5,16.2,69,39,0.0,0:00,80.6,1.0,7,2019,30,3,3,22:53:41,2019-07-25,Thursday,night,week_day
Cycling,2019-07-25 15:52:25,Washington Cycling,2.05,99.0,00:11:47,104,133,0.8,,,10.4,22.5,49,82,0.0,0:00,82.4,1.0,7,2019,30,3,3,15:52:25,2019-07-25,Thursday,afternoon,week_day
Cycling,2019-07-25 14:34:51,Washington Cycling,0.76,74.0,00:13:38,88,116,0.3,,,3.3,12.4,66,20,0.0,0:00,84.2,1.0,7,2019,30,3,3,14:34:51,2019-07-25,Thursday,afternoon,week_day
Cycling,2019-07-25 13:59:25,Washington Cycling,0.19,76.0,00:12:39,91,131,0.4,,,0.9,8.3,10,39,0.0,0:00,82.4,1.0,7,2019,30,3,3,13:59:25,2019-07-25,Thursday,afternoon,week_day
Cycling,2019-07-24 23:47:09,Washington Cycling,0.99,51.0,00:05:20.6,110,124,0.5,,,11.1,18.8,30,56,0.0,0:00,78.8,1.0,7,2019,30,2,3,23:47:09,2019-07-24,Wednesday,night,week_day
Cycling,2019-07-24 18:24:54,Washington Cycling,0.94,68.0,00:06:26.4,115,131,0.7,,,8.7,26.4,59,13,0.0,0:00,78.8,1.0,7,2019,30,2,3,18:24:54,2019-07-24,Wednesday,night,week_day
Cycling,2019-07-23 23:13:36,Washington Cycling,2.23,105.0,00:16:05,96,121,0.4,,,8.3,17.1,66,43,0.0,0:00,77.0,1.0,7,2019,30,1,3,23:13:36,2019-07-23,Tuesday,night,week_day
Cycling,2019-07-23 15:55:19,Washington Cycling,1.98,118.0,00:11:43,115,128,0.9,,,10.1,19.0,46,72,0.0,0:00,80.6,1.0,7,2019,30,1,3,15:55:19,2019-07-23,Tuesday,afternoon,week_day
Cycling,2019-07-22 15:58:22,Washington Cycling,0.88,58.0,00:08:37.0,96,130,0.3,,,6.1,19.5,43,30,0.0,0:00,82.4,1.0,7,2019,30,0,3,15:58:22,2019-07-22,Monday,afternoon,week_day
Running,2019-07-19 19:06:35,Washington Running,2.12,286.0,00:19:12,144,160,3.0,164.0,179.0,9:03,7:44,154,128,1.08,0:00,89.6,3.0,7,2019,29,4,3,19:06:35,2019-07-19,Friday,night,week_day
Cycling,2019-07-18 14:10:00,Washington Cycling,1.49,100.0,00:15:13,96,126,0.4,,,5.9,13.8,49,108,0.0,0:00,86.0,1.0,7,2019,29,3,3,14:10:00,2019-07-18,Thursday,afternoon,week_day
Cycling,2019-07-18 12:15:51,Washington Cycling,1.39,132.0,00:19:41,97,124,0.6,,,4.2,15.0,98,33,0.0,0:00,84.2,1.0,7,2019,29,3,3,12:15:51,2019-07-18,Thursday,afternoon,week_day
Running,2019-07-17 19:54:34,Washington Running,2.83,407.0,00:31:26,134,157,2.6,153.0,168.0,11:07,4:18,167,164,0.95,0:00,78.8,3.0,7,2019,29,2,3,19:54:34,2019-07-17,Wednesday,night,week_day
Running,2019-07-16 17:33:52,Washington Running,2.81,397.0,00:32:46,138,178,3.2,101.0,174.0,11:40,7:05,174,105,2.03,0:00,80.6,3.0,7,2019,29,1,3,17:33:52,2019-07-16,Tuesday,afternoon,week_day
Cycling,2019-07-15 23:06:47,Washington Cycling,1.96,118.0,00:13:00,109,136,0.8,,,9.1,21.7,52,36,0.0,0:00,86.0,1.0,7,2019,29,0,3,23:06:47,2019-07-15,Monday,night,week_day
Cycling,2019-07-15 15:48:21,Washington Cycling,1.81,135.0,00:09:48.1,136,163,2.1,,,11.1,20.0,39,72,0.0,0:00,84.2,1.0,7,2019,29,0,3,15:48:21,2019-07-15,Monday,afternoon,week_day
Cycling,2019-07-14 21:49:16,Washington Cycling,2.13,164.0,00:17:00,113,130,1.1,,,7.5,16.5,59,43,0.0,0:00,86.0,1.0,7,2019,28,6,3,21:49:16,2019-07-14,Sunday,night,weekend
Cycling,2019-07-14 15:49:35,Washington Cycling,1.34,62.0,00:06:25.8,110,131,0.6,,,12.5,22.3,30,36,0.0,0:00,93.2,1.0,7,2019,28,6,3,15:49:35,2019-07-14,Sunday,afternoon,weekend
Cycling,2019-07-14 01:10:09,Washington Cycling,2.18,167.0,00:15:24,118,140,1.6,,,8.5,16.7,62,36,0.0,0:00,82.4,1.0,7,2019,28,6,3,01:10:09,2019-07-14,Sunday,night,weekend
Cycling,2019-07-13 15:48:23,Washington Cycling,1.65,124.0,00:11:20,119,135,1.2,,,8.7,19.2,52,79,0.0,0:00,82.4,1.0,7,2019,28,5,3,15:48:23,2019-07-13,Saturday,afternoon,weekend
Cycling,2019-07-12 22:59:38,Washington Cycling,2.27,138.0,00:17:58,103,127,0.6,,,7.6,15.9,66,46,0.0,0:00,82.4,1.0,7,2019,28,4,3,22:59:38,2019-07-12,Friday,night,week_day
Cycling,2019-07-12 16:18:30,Washington Cycling,1.64,86.0,00:10:10,107,131,0.5,,,9.7,19.6,49,75,0.0,0:00,82.4,1.0,7,2019,28,4,3,16:18:30,2019-07-12,Friday,afternoon,week_day
Running,2019-07-11 20:23:32,Running,2.1,299.0,00:19:56,143,161,3.0,158.0,175.0,9:31,8:56,151,118,1.07,0:00,77.0,3.0,7,2019,28,3,3,20:23:32,2019-07-11,Thursday,night,week_day
Cycling,2019-07-11 15:19:44,Washington Cycling,2.17,126.0,00:15:30,104,141,0.8,,,8.4,24.9,36,135,0.0,0:00,87.8,1.0,7,2019,28,3,3,15:19:44,2019-07-11,Thursday,afternoon,week_day
Cycling,2019-07-11 14:12:25,Washington Cycling,2.39,229.0,00:30:05,104,140,1.4,,,4.8,17.7,151,30,0.0,0:00,82.4,1.0,7,2019,28,3,3,14:12:25,2019-07-11,Thursday,afternoon,week_day
Cycling,2019-07-10 18:27:58,Washington Cycling,0.36,78.0,00:06:28.2,124,144,1.1,,,3.4,18.1,36,3,0.0,0:00,80.6,1.0,7,2019,28,2,3,18:27:58,2019-07-10,Wednesday,night,week_day
Running,2019-07-10 15:35:27,Running,1.12,165.0,00:10:58,142,151,2.4,160.0,174.0,9:45,9:06,82,43,1.03,0:00,86.0,2.0,7,2019,28,2,3,15:35:27,2019-07-10,Wednesday,afternoon,week_day
Running,2019-07-09 18:29:19,Running,1.63,255.0,00:15:55,149,169,3.0,157.0,169.0,9:47,9:15,125,75,1.04,0:00,80.6,2.0,7,2019,28,1,3,18:29:19,2019-07-09,Tuesday,night,week_day
Cycling,2019-07-09 08:31:31,Washington Cycling,0.67,48.0,00:05:08.5,110,150,0.6,,,7.9,12.8,33,20,0.0,0:00,77.0,1.0,7,2019,28,1,3,08:31:31,2019-07-09,Tuesday,morning,week_day
Cycling,2019-07-09 07:36:50,Washington Cycling,1.17,58.0,00:08:32.0,95,122,0.4,,,8.2,16.3,16,56,0.0,0:00,78.8,1.0,7,2019,28,1,3,07:36:50,2019-07-09,Tuesday,morning,week_day
Cycling,2019-07-08 12:21:17,Washington Cycling,2.26,170.0,00:15:34,118,139,1.6,,,8.7,16.7,154,62,0.0,0:00,78.8,1.0,7,2019,28,0,3,12:21:17,2019-07-08,Monday,afternoon,week_day
Cycling,2019-07-07 21:03:38,Washington Cycling,0.74,131.0,00:14:45,108,147,0.8,,,3.0,15.6,46,20,0.0,0:00,84.2,1.0,7,2019,27,6,3,21:03:38,2019-07-07,Sunday,night,weekend
Cycling,2019-07-07 15:57:20,Washington Cycling,1.97,131.0,00:11:09,122,143,1.5,,,10.6,19.7,49,59,0.0,0:00,82.4,1.0,7,2019,27,6,3,15:57:20,2019-07-07,Sunday,afternoon,weekend
Running,2019-07-07 13:16:03,Running,2.08,312.0,00:19:57,147,170,3.1,162.0,177.0,9:35,8:59,157,115,1.04,0:00,87.8,3.0,7,2019,27,6,3,13:16:03,2019-07-07,Sunday,afternoon,weekend
Cycling,2019-07-07 03:09:16,Washington Cycling,0.82,24.0,00:04:19.9,87,115,0.1,,,11.4,22.1,23,46,0.0,0:00,82.4,1.0,7,2019,27,6,3,03:09:16,2019-07-07,Sunday,night,weekend
Cycling,2019-07-06 14:54:33,Washington Cycling,1.02,61.0,00:06:43.0,108,134,0.5,,,9.1,20.1,49,26,0.0,0:00,82.4,1.0,7,2019,27,5,3,14:54:33,2019-07-06,Saturday,afternoon,weekend
Cycling,2019-07-06 11:41:52,Washington Cycling,1.52,78.0,00:10:11,102,127,0.4,,,9.0,18.0,30,49,0.0,0:00,89.6,1.0,7,2019,27,5,3,11:41:52,2019-07-06,Saturday,morning,weekend
Cycling,2019-07-06 10:18:57,Washington Cycling,1.16,79.0,00:08:28.5,110,129,0.6,,,8.2,16.5,23,20,0.0,0:00,84.2,1.0,7,2019,27,5,3,10:18:57,2019-07-06,Saturday,morning,weekend
Cycling,2019-07-06 00:28:41,Washington Cycling,2.22,111.0,00:14:55,100,120,0.5,,,8.9,17.8,72,39,0.0,0:00,86.0,1.0,7,2019,27,5,3,00:28:41,2019-07-06,Saturday,night,weekend
Cycling,2019-07-05 15:51:16,Washington Cycling,1.74,134.0,00:11:06,124,142,1.7,,,9.4,21.0,52,72,0.0,0:00,80.6,1.0,7,2019,27,4,3,15:51:16,2019-07-05,Friday,afternoon,week_day
Cycling,2019-07-04 16:38:52,Washington Cycling,0.71,51.0,00:04:14.6,123,131,0.7,,,10.0,16.3,26,20,0.0,0:00,82.4,1.0,7,2019,27,3,3,16:38:52,2019-07-04,Thursday,afternoon,week_day
Cycling,2019-07-04 15:11:34,Washington Cycling,0.64,31.0,00:04:36.2,95,113,0.1,,,8.3,18.5,3,30,0.0,0:00,82.4,1.0,7,2019,27,3,3,15:11:34,2019-07-04,Thursday,afternoon,week_day
Cycling,2019-07-04 03:34:58,Washington Cycling,0.64,23.0,00:03:03.2,100,112,0.1,,,12.6,20.2,23,36,0.0,0:00,84.2,1.0,7,2019,27,3,3,03:34:58,2019-07-04,Thursday,night,week_day
Cycling,2019-07-03 18:27:57,Washington Cycling,0.35,63.0,00:06:00.2,116,142,0.6,,,3.5,19.7,43,,0.0,0:00,78.8,1.0,7,2019,27,2,3,18:27:57,2019-07-03,Wednesday,night,week_day
Cycling,2019-07-01 20:05:44,Washington Cycling,0.98,49.0,00:08:23.9,90,111,0.1,,,7.0,20.6,26,49,0.0,0:00,82.4,1.0,7,2019,27,0,3,20:05:44,2019-07-01,Monday,night,week_day
Cycling,2019-07-01 19:52:19,Washington Cycling,0.58,50.0,00:06:22.1,102,113,0.3,,,5.4,16.4,36,13,0.0,0:00,80.6,1.0,7,2019,27,0,3,19:52:19,2019-07-01,Monday,night,week_day
Cycling,2019-06-30 18:06:57,Washington Cycling,0.54,40.0,00:04:31.1,107,119,0.3,,,7.2,14.9,33,3,0.0,0:00,93.2,1.0,6,2019,26,6,2,18:06:57,2019-06-30,Sunday,night,weekend
Cycling,2019-06-30 16:43:41,Washington Cycling,0.72,24.0,00:03:51.0,93,114,0.1,,,11.2,18.2,7,39,0.0,0:00,82.4,1.0,6,2019,26,6,2,16:43:41,2019-06-30,Sunday,afternoon,weekend
Cycling,2019-06-30 14:40:21,Washington Cycling,3.12,194.0,00:25:38,104,123,0.6,,,7.3,19.7,102,72,0.0,0:00,82.4,1.0,6,2019,26,6,2,14:40:21,2019-06-30,Sunday,afternoon,weekend
Cycling,2019-06-30 12:50:40,Washington Cycling,2.11,108.0,00:15:43,98,120,0.4,,,8.0,21.2,43,75,0.0,0:00,80.6,1.0,6,2019,26,6,2,12:50:40,2019-06-30,Sunday,afternoon,weekend
Cycling,2019-06-30 04:08:04,Washington Cycling,0.99,44.0,00:05:25.4,102,126,0.3,,,11.0,19.3,20,52,0.0,0:00,82.4,1.0,6,2019,26,6,2,04:08:04,2019-06-30,Sunday,night,weekend
Cycling,2019-06-29 18:26:54,Washington Cycling,0.58,38.0,00:05:42.2,96,114,0.1,,,6.1,17.8,43,16,0.0,0:00,80.6,1.0,6,2019,26,5,2,18:26:54,2019-06-29,Saturday,night,weekend
Running,2019-06-29 15:10:39,Washington Running,1.95,310.0,00:19:09,152,167,3.2,164.0,178.0,9:48,7:27,151,135,1.0,0:00,86.0,2.0,6,2019,26,5,2,15:10:39,2019-06-29,Saturday,afternoon,weekend
Cycling,2019-06-29 00:34:01,Washington Cycling,2.32,135.0,00:18:16,101,125,0.5,,,7.6,15.1,69,36,0.0,0:00,84.2,1.0,6,2019,26,5,2,00:34:01,2019-06-29,Saturday,night,weekend
Cycling,2019-06-28 15:49:56,Washington Cycling,1.79,109.0,00:12:36,107,140,0.6,,,8.5,19.0,49,79,0.0,0:00,82.4,1.0,6,2019,26,4,2,15:49:56,2019-06-28,Friday,afternoon,week_day
Cycling,2019-06-27 20:25:56,Washington Cycling,0.73,46.0,00:05:03.5,107,126,0.4,,,8.7,18.9,33,43,0.0,0:00,82.4,1.0,6,2019,26,3,2,20:25:56,2019-06-27,Thursday,night,week_day
Cycling,2019-06-27 18:55:37,Washington Cycling,0.1,52.0,00:05:29.5,109,139,0.6,,,1.1,13.3,20,,0.0,0:00,80.6,1.0,6,2019,26,3,2,18:55:37,2019-06-27,Thursday,night,week_day
Cycling,2019-06-27 13:20:17,Washington Cycling,0.65,44.0,00:06:06.4,97,124,0.3,,,6.4,12.4,43,16,0.0,0:00,84.2,1.0,6,2019,26,3,2,13:20:17,2019-06-27,Thursday,afternoon,week_day
Cycling,2019-06-27 12:54:09,Washington Cycling,0.17,30.0,00:04:09.8,97,125,0.2,,,2.4,13.6,13,46,0.0,0:00,80.6,1.0,6,2019,26,3,2,12:54:09,2019-06-27,Thursday,afternoon,week_day
Cycling,2019-06-26 21:41:06,Washington Cycling,0.61,47.0,00:05:35.1,104,123,0.3,,,6.6,20.0,20,56,0.0,0:00,80.6,1.0,6,2019,26,2,2,21:41:06,2019-06-26,Wednesday,night,week_day
Cycling,2019-06-26 15:34:12,Washington Cycling,0.67,63.0,00:07:00.9,108,134,0.5,,,5.7,12.5,36,13,0.0,0:00,80.6,1.0,6,2019,26,2,2,15:34:12,2019-06-26,Wednesday,afternoon,week_day
Cycling,2019-06-25 12:16:04,Washington Cycling,0.85,73.0,00:09:21.5,103,131,0.4,,,5.4,15.4,20,52,0.0,0:00,84.2,1.0,6,2019,26,1,2,12:16:04,2019-06-25,Tuesday,afternoon,week_day
Cycling,2019-06-24 11:02:27,Washington Cycling,1.56,104.0,00:14:01,101,122,0.6,,,6.7,14.3,49,23,0.0,0:00,89.6,1.0,6,2019,26,0,2,11:02:27,2019-06-24,Monday,morning,week_day
Cycling,2019-06-24 08:02:52,Washington Cycling,1.84,106.0,00:10:49,113,129,1.0,,,10.2,21.0,39,56,0.0,0:00,80.6,1.0,6,2019,26,0,2,08:02:52,2019-06-24,Monday,morning,week_day
Cycling,2019-06-23 22:39:04,Washington Cycling,2.17,59.0,00:14:22,80,99,0.1,,,9.1,15.9,59,30,0.0,0:00,80.6,1.0,6,2019,25,6,2,22:39:04,2019-06-23,Sunday,night,weekend
Cycling,2019-06-23 15:59:33,Washington Cycling,1.78,75.0,00:11:18,96,129,0.4,,,9.4,21.4,46,85,0.0,0:00,80.6,1.0,6,2019,25,6,2,15:59:33,2019-06-23,Sunday,afternoon,weekend
Cycling,2019-06-23 03:10:17,Washington Cycling,0.83,116.0,00:13:43,108,136,0.7,,,3.6,22.8,30,13,0.0,0:00,73.4,1.0,6,2019,25,6,2,03:10:17,2019-06-23,Sunday,night,weekend
Cycling,2019-06-22 15:56:53,Washington Cycling,1.68,74.0,00:09:22.0,103,139,0.6,,,10.8,21.4,49,72,0.0,0:00,80.6,1.0,6,2019,25,5,2,15:56:53,2019-06-22,Saturday,afternoon,weekend
Cycling,2019-06-21 22:24:42,Washington Cycling,1.38,128.0,00:17:19,102,141,0.8,,,4.8,13.5,49,26,0.0,0:00,78.8,1.0,6,2019,25,4,2,22:24:42,2019-06-21,Friday,night,week_day
Cycling,2019-06-21 13:51:07,Washington Cycling,2.01,63.0,00:10:35,92,123,0.3,,,11.4,19.3,46,75,0.0,0:00,80.6,1.0,6,2019,25,4,2,13:51:07,2019-06-21,Friday,afternoon,week_day
Cycling,2019-01-08 08:44:55,Washington Cycling,1.04,94.0,00:10:43,108,127,0.5,,,5.8,16.6,23,46,0.0,0:00,75.2,1.0,1,2019,2,1,1,08:44:55,2019-01-08,Tuesday,morning,week_day
Treadmill Running,2019-01-07 21:08:56,Treadmill Running,2.0,242.0,00:15:22,149,160,2.8,167.0,179.0,7:41,4:46,,,1.24,0:00,77.0,2.0,1,2019,2,0,1,21:08:56,2019-01-07,Monday,night,week_day
Cycling,2019-01-07 09:02:16,Washington Cycling,0.6,54.0,00:06:20.5,105,121,0.3,,,5.7,16.5,26,49,0.0,0:00,71.6,1.0,1,2019,2,0,1,09:02:16,2019-01-07,Monday,morning,week_day
Indoor Cycling,2019-01-05 20:41:30,Indoor Cycling,0.0,207.0,00:24:53,108,149,0.7,,,,,,,0.0,0:00,78.8,1.0,1,2019,1,5,1,20:41:30,2019-01-05,Saturday,night,weekend
Elliptical,2019-01-05 20:02:42,Elliptical,0.0,487.0,00:35:27,136,175,3.0,120.0,244.0,,,,,0.0,0:00,75.2,1.0,1,2019,1,5,1,20:02:42,2019-01-05,Saturday,night,weekend
Cycling,2019-01-04 19:44:02,Washington Cycling,0.98,93.0,00:11:45,104,130,0.4,,,5.0,14.2,75,30,0.0,0:00,73.4,2.0,1,2019,1,4,1,19:44:02,2019-01-04,Friday,night,week_day
Cycling,2019-01-03 19:36:06,Washington Cycling,1.49,147.0,00:12:55,122,143,1.3,,,6.9,13.0,23,49,0.0,0:00,69.8,1.0,1,2019,1,3,1,19:36:06,2019-01-03,Thursday,night,week_day
Cycling,2019-01-03 18:41:37,Washington Cycling,1.66,111.0,00:10:58,114,138,0.9,,,9.1,18.8,49,10,0.0,0:00,69.8,1.0,1,2019,1,3,1,18:41:37,2019-01-03,Thursday,night,week_day
Cycling,2019-01-03 08:28:29,Washington Cycling,1.04,78.0,00:08:21.1,110,130,0.5,,,7.5,18.7,26,49,0.0,0:00,69.8,1.0,1,2019,1,3,1,08:28:29,2019-01-03,Thursday,morning,week_day
Cycling,2019-01-02 08:18:10,Washington Cycling,0.95,54.0,00:06:15.7,106,125,0.3,,,9.1,18.1,26,46,0.0,0:00,75.2,1.0,1,2019,1,2,1,08:18:10,2019-01-02,Wednesday,morning,week_day
Running,2019-01-01 12:17:52,Washington Running,2.8,368.0,00:24:34,145,161,3.0,165.0,181.0,8:46,7:10,184,197,1.11,0:00,68.0,3.0,1,2019,1,1,1,12:17:52,2019-01-01,Tuesday,afternoon,week_day
Treadmill Running,2018-12-30 16:29:15,Treadmill Running,2.0,228.0,00:15:18,142,154,2.5,171.0,179.0,7:40,4:43,,,1.23,0:00,75.2,2.0,12,2018,52,6,4,16:29:15,2018-12-30,Sunday,afternoon,weekend
Treadmill Running,2018-12-28 17:01:38,Treadmill Running,2.01,234.0,00:15:05,147,163,2.7,174.0,181.0,7:31,4:40,,,1.23,0:00,73.4,3.0,12,2018,52,4,4,17:01:38,2018-12-28,Friday,afternoon,week_day
Treadmill Running,2018-12-27 14:07:23,Treadmill Running,3.01,353.0,00:22:38,148,161,3.1,174.0,179.0,7:31,5:40,,,1.24,0:00,73.4,4.0,12,2018,52,3,4,14:07:23,2018-12-27,Thursday,afternoon,week_day
Treadmill Running,2018-12-26 13:44:34,Treadmill Running,3.0,357.0,00:22:48,149,161,3.1,173.0,179.0,7:36,7:50,,,1.06,0:00,75.2,3.0,12,2018,52,2,4,13:44:34,2018-12-26,Wednesday,afternoon,week_day
Running,2018-12-25 14:57:52,Shawnee Running,4.02,568.0,00:36:37,153,170,3.5,166.0,176.0,9:06,7:10,249,253,1.07,0:00,57.2,5.0,12,2018,52,1,4,14:57:52,2018-12-25,Tuesday,afternoon,week_day
Treadmill Running,2018-12-24 13:38:07,Treadmill Running,2.06,243.0,00:15:31,149,161,2.8,171.0,177.0,7:32,7:01,,,1.25,0:00,75.2,3.0,12,2018,52,0,4,13:38:07,2018-12-24,Monday,afternoon,week_day
Treadmill Running,2018-12-22 22:13:31,Treadmill Running,2.01,239.0,00:15:29,147,168,2.9,167.0,173.0,7:42,5:36,,,1.25,0:00,75.2,3.0,12,2018,51,5,4,22:13:31,2018-12-22,Saturday,night,weekend
Indoor Cycling,2018-12-21 23:51:59,Indoor Cycling,0.0,281.0,00:35:31,106,132,1.1,,,,,,,0.0,0:00,82.4,1.0,12,2018,51,4,4,23:51:59,2018-12-21,Friday,night,week_day
Cycling,2018-12-21 09:28:01,Washington Cycling,0.99,62.0,00:05:58.1,115,129,0.6,,,9.9,16.5,23,39,0.0,0:00,80.6,1.0,12,2018,51,4,4,09:28:01,2018-12-21,Friday,morning,week_day
Treadmill Running,2018-12-20 21:26:37,Treadmill Running,2.0,264.0,00:15:17,164,177,3.3,169.0,175.0,7:38,7:26,,,1.2,0:00,78.8,2.0,12,2018,51,3,4,21:26:37,2018-12-20,Thursday,night,week_day
Treadmill Running,2018-12-19 21:28:23,Treadmill Running,1.96,253.0,00:15:21,157,164,3.1,169.0,177.0,7:51,5:34,,,1.22,0:00,78.8,2.0,12,2018,51,2,4,21:28:23,2018-12-19,Wednesday,night,week_day
Cycling,2018-12-19 19:37:29,Washington Cycling,0.42,47.0,00:04:58.8,110,136,0.4,,,5.1,11.5,46,,0.0,0:00,69.8,1.0,12,2018,51,2,4,19:37:29,2018-12-19,Wednesday,night,week_day
Cycling,2018-12-19 08:46:35,Washington Cycling,1.13,106.0,00:11:31,110,131,0.8,,,5.9,19.2,33,46,0.0,0:00,73.4,1.0,12,2018,51,2,4,08:46:35,2018-12-19,Wednesday,morning,week_day
Cycling,2018-12-18 08:57:42,Washington Cycling,1.0,58.0,00:06:58.1,103,128,0.5,,,8.6,16.9,30,49,0.0,0:00,68.0,1.0,12,2018,51,1,4,08:57:42,2018-12-18,Tuesday,morning,week_day
Elliptical,2018-12-17 22:34:58,Elliptical,0.0,343.0,00:27:12,130,161,3.2,94.0,158.0,,,,,0.0,0:00,82.4,1.0,12,2018,51,0,4,22:34:58,2018-12-17,Monday,night,week_day
Cycling,2018-12-17 08:48:47,Washington Cycling,0.62,80.0,00:10:17,102,127,0.5,,,3.6,19.7,26,39,0.0,0:00,75.2,1.0,12,2018,51,0,4,08:48:47,2018-12-17,Monday,morning,week_day
Treadmill Running,2018-12-16 18:40:49,Treadmill Running,2.01,250.0,00:16:23,144,162,3.1,165.0,171.0,8:09,7:58,,,1.13,0:00,75.2,2.0,12,2018,50,6,4,18:40:49,2018-12-16,Sunday,night,weekend
Treadmill Running,2018-12-15 22:48:27,Treadmill Running,2.05,258.0,00:17:37,140,153,3.0,164.0,175.0,8:35,7:18,,,1.25,0:00,77.0,3.0,12,2018,50,5,4,22:48:27,2018-12-15,Saturday,night,weekend
Elliptical,2018-12-14 21:23:27,Elliptical,0.0,493.0,00:35:21,139,169,3.3,129.0,170.0,,,,,0.0,0:00,75.2,1.0,12,2018,50,4,4,21:23:27,2018-12-14,Friday,night,week_day
Treadmill Running,2018-12-13 21:23:42,Treadmill Running,0.99,131.0,00:07:58.3,157,171,2.6,166.0,191.0,8:04,7:02,,,1.2,0:00,73.4,1.0,12,2018,50,3,4,21:23:42,2018-12-13,Thursday,night,week_day
Treadmill Running,2018-12-13 20:29:44,Treadmill Running,1.06,143.0,00:10:01,138,155,2.3,144.0,179.0,9:27,7:12,,,1.11,0:00,77.0,2.0,12,2018,50,3,4,20:29:44,2018-12-13,Thursday,night,week_day
Cycling,2018-12-13 18:52:39,Washington Cycling,0.79,77.0,00:10:04,101,126,0.5,,,4.7,15.0,56,30,0.0,0:00,75.2,1.0,12,2018,50,3,4,18:52:39,2018-12-13,Thursday,night,week_day
Cycling,2018-12-13 08:42:57,Washington Cycling,0.44,45.0,00:05:59.3,101,122,0.3,,,4.4,14.8,16,36,0.0,0:00,71.6,1.0,12,2018,50,3,4,08:42:57,2018-12-13,Thursday,morning,week_day
Elliptical,2018-12-12 22:23:19,Elliptical,0.0,382.0,00:29:12,133,151,2.8,112.0,197.0,,,,,0.0,0:00,75.2,1.0,12,2018,50,2,4,22:23:19,2018-12-12,Wednesday,night,week_day
Treadmill Running,2018-12-11 21:31:16,Treadmill Running,2.0,249.0,00:15:30,152,162,3.2,169.0,177.0,7:44,5:40,,,1.23,0:00,73.4,3.0,12,2018,50,1,4,21:31:16,2018-12-11,Tuesday,night,week_day
Cycling,2018-12-11 09:00:49,Washington Cycling,0.55,86.0,00:09:38.0,108,129,0.8,,,3.4,18.3,16,33,0.0,0:00,62.6,1.0,12,2018,50,1,4,09:00:49,2018-12-11,Tuesday,morning,week_day
Elliptical,2018-12-10 21:25:40,Elliptical,0.0,470.0,00:36:18,132,180,3.3,111.0,236.0,,,,,0.0,0:00,75.2,1.0,12,2018,50,0,4,21:25:40,2018-12-10,Monday,night,week_day
Cycling,2018-12-10 09:01:44,Washington Cycling,0.48,69.0,00:08:02.8,106,123,0.5,,,3.5,20.1,7,26,0.0,0:00,60.8,1.0,12,2018,50,0,4,09:01:44,2018-12-10,Monday,morning,week_day
Elliptical,2018-12-07 19:17:10,Elliptical,0.0,473.0,00:43:13,126,166,2.6,88.0,238.0,,,,,0.0,0:00,77.0,1.0,12,2018,49,4,4,19:17:10,2018-12-07,Friday,night,week_day
Cycling,2018-12-07 08:50:17,Washington Cycling,0.59,63.0,00:05:31.1,120,133,0.9,,,6.4,17.1,23,52,0.0,0:00,73.4,1.0,12,2018,49,4,4,08:50:17,2018-12-07,Friday,morning,week_day
Elliptical,2018-12-06 22:12:57,Elliptical,0.0,389.0,00:35:55,122,146,2.3,82.0,194.0,,,,,0.0,0:00,75.2,1.0,12,2018,49,3,4,22:12:57,2018-12-06,Thursday,night,week_day
Cycling,2018-12-06 19:00:40,Washington Cycling,0.67,50.0,00:06:36.9,98,127,0.4,,,6.0,14.4,43,23,0.0,0:00,75.2,1.0,12,2018,49,3,4,19:00:40,2018-12-06,Thursday,night,week_day
Cycling,2018-12-06 08:45:52,Washington Cycling,0.6,50.0,00:06:33.6,101,116,0.3,,,5.5,16.4,20,46,0.0,0:00,66.2,1.0,12,2018,49,3,4,08:45:52,2018-12-06,Thursday,morning,week_day
Cycling,2018-12-05 08:56:25,Washington Cycling,0.7,82.0,00:08:18.7,113,127,0.8,,,5.1,18.2,26,52,0.0,0:00,73.4,1.0,12,2018,49,2,4,08:56:25,2018-12-05,Wednesday,morning,week_day
Cycling,2018-12-03 18:23:26,Washington Cycling,1.15,69.0,00:08:30.4,104,126,0.5,,,8.1,17.4,52,33,0.0,0:00,68.0,1.0,12,2018,49,0,4,18:23:26,2018-12-03,Monday,night,week_day
Cycling,2018-12-02 20:23:47,Washington Cycling,0.89,77.0,00:12:29,94,109,0.3,,,4.3,15.9,10,23,0.0,0:00,69.8,2.0,12,2018,48,6,4,20:23:47,2018-12-02,Sunday,night,weekend
Running,2018-12-02 13:18:46,Washington Running,2.95,394.0,00:24:32,153,167,3.5,167.0,187.0,8:19,6:49,184,184,1.16,0:00,73.4,3.0,12,2018,48,6,4,13:18:46,2018-12-02,Sunday,afternoon,weekend
Cycling,2018-09-30 18:14:24,Washington Cycling,1.87,116.0,00:21:17,90,118,0.3,,,5.3,10.2,75,49,0.0,0:00,78.8,1.0,9,2018,39,6,3,18:14:24,2018-09-30,Sunday,night,weekend
Cycling,2018-09-29 09:58:48,Washington Cycling,0.44,28.0,00:03:51.8,99,112,0.1,,,6.8,17.9,13,26,0.0,0:00,78.8,1.0,9,2018,39,5,3,09:58:48,2018-09-29,Saturday,morning,weekend
Running,2018-09-28 22:49:23,Washington Running,2.02,273.0,00:17:52,146,164,3.0,164.0,179.0,8:50,7:25,151,125,1.11,0:00,69.8,3.0,9,2018,39,4,3,22:49:23,2018-09-28,Friday,night,week_day
Cycling,2018-09-25 08:50:43,Washington Cycling,0.65,46.0,00:06:52.9,95,128,0.3,,,5.6,15.2,23,10,0.0,0:00,75.2,1.0,9,2018,39,1,3,08:50:43,2018-09-25,Tuesday,morning,week_day
Running,2018-09-24 18:54:57,Washington Running,2.04,271.0,00:17:14,150,168,3.1,164.0,181.0,8:26,6:23,161,105,1.17,0:00,68.0,3.0,9,2018,39,0,3,18:54:57,2018-09-24,Monday,night,week_day
Treadmill Running,2018-09-23 21:19:56,Treadmill Running,2.63,345.0,00:22:44,144,159,3.1,157.0,171.0,8:39,7:07,,,1.19,0:00,77.0,3.0,9,2018,38,6,3,21:19:56,2018-09-23,Sunday,night,weekend
Running,2018-09-22 19:48:38,Washington Running,2.05,286.0,00:17:45,153,176,3.2,162.0,175.0,8:40,6:52,161,121,1.15,0:00,71.6,3.0,9,2018,38,5,3,19:48:38,2018-09-22,Saturday,night,weekend
Running,2018-09-21 22:22:11,Washington Running,2.1,294.0,00:21:53,135,146,2.5,156.0,174.0,10:26,8:20,161,131,0.99,0:00,78.8,3.0,9,2018,38,4,3,22:22:11,2018-09-21,Friday,night,week_day
Cycling,2018-09-21 08:37:56,Washington Cycling,0.17,9.0,00:01:33.1,92,100,0.0,,,6.4,10.7,13,,0.0,0:00,77.0,1.0,9,2018,38,4,3,08:37:56,2018-09-21,Friday,morning,week_day
Running,2018-09-18 20:57:50,Washington Running,1.96,293.0,00:20:32,140,160,2.7,156.0,172.0,10:27,8:27,157,115,0.99,0:00,78.8,2.0,9,2018,38,1,3,20:57:50,2018-09-18,Tuesday,night,week_day
Treadmill Running,2018-09-16 18:40:49,Treadmill Running,1.0,143.0,00:08:33.6,155,163,2.4,163.0,171.0,8:34,7:41,,,1.15,0:00,75.2,1.0,9,2018,37,6,3,18:40:49,2018-09-16,Sunday,night,weekend
Cycling,2018-09-16 17:34:09,Washington Cycling,1.09,45.0,00:06:54.2,93,113,0.1,,,9.5,20.5,36,33,0.0,0:00,82.4,1.0,9,2018,37,6,3,17:34:09,2018-09-16,Sunday,afternoon,weekend
Treadmill Running,2018-09-15 23:43:20,Treadmill Running,1.01,124.0,00:08:25.6,139,159,2.1,161.0,171.0,8:21,6:46,,,1.2,0:00,75.2,2.0,9,2018,37,5,3,23:43:20,2018-09-15,Saturday,night,weekend
Treadmill Running,2018-09-14 22:56:00,Treadmill Running,1.03,191.0,00:17:43,123,151,2.2,81.0,171.0,17:12,6:48,,,0.81,0:00,77.0,2.0,9,2018,37,4,3,22:56:00,2018-09-14,Friday,night,week_day
Treadmill Running,2018-09-09 20:51:47,Treadmill Running,1.05,133.0,00:08:21.8,148,160,2.2,165.0,173.0,8:00,7:27,,,1.22,0:00,77.0,2.0,9,2018,36,6,3,20:51:47,2018-09-09,Sunday,night,weekend
Treadmill Running,2018-09-09 20:00:28,Treadmill Running,1.02,123.0,00:08:26.9,137,159,2.0,162.0,223.0,8:17,7:04,,,1.28,0:00,78.8,2.0,9,2018,36,6,3,20:00:28,2018-09-09,Sunday,night,weekend
Running,2018-08-29 14:55:49,Kansas City Running,4.3,536.0,00:34:50,146,164,3.3,165.0,179.0,8:06,6:55,121,125,1.2,0:00,78.8,5.0,8,2018,35,2,3,14:55:49,2018-08-29,Wednesday,afternoon,week_day
Running,2018-08-28 15:24:46,Kansas City Running,4.26,608.0,00:36:41,156,183,4.0,163.0,184.0,8:37,6:30,105,144,1.14,0:00,82.4,5.0,8,2018,35,1,3,15:24:46,2018-08-28,Tuesday,afternoon,week_day
Running,2018-08-27 12:35:55,Kansas City Running,4.25,571.0,00:36:24,150,169,3.5,164.0,176.0,8:34,7:05,98,135,1.15,0:00,86.0,5.0,8,2018,35,0,3,12:35:55,2018-08-27,Monday,afternoon,week_day
Running,2018-08-23 21:27:43,Kansas City Running,4.4,675.0,00:40:02,158,182,4.2,161.0,177.0,9:06,7:06,131,148,1.1,0:00,71.6,5.0,8,2018,34,3,3,21:27:43,2018-08-23,Thursday,night,week_day
Running,2018-08-21 14:23:35,Kansas City Running,4.25,567.0,00:35:59,147,159,3.4,164.0,172.0,8:28,7:36,102,138,1.16,0:00,84.2,5.0,8,2018,34,1,3,14:23:35,2018-08-21,Tuesday,afternoon,week_day
Running,2018-08-20 17:22:30,Kansas City Running,3.01,435.0,00:27:04,151,171,3.3,163.0,176.0,8:59,6:17,138,157,1.1,0:00,71.6,4.0,8,2018,34,0,3,17:22:30,2018-08-20,Monday,afternoon,week_day
Running,2018-08-19 14:52:52,Kansas City Running,3.0,373.0,00:26:00,138,155,2.8,161.0,173.0,8:39,7:16,72,85,1.15,0:00,77.0,4.0,8,2018,33,6,3,14:52:52,2018-08-19,Sunday,afternoon,weekend
Running,2018-08-18 13:45:35,Kansas City Running,4.3,614.0,00:37:13,154,176,3.9,163.0,172.0,8:39,7:35,115,125,1.14,0:00,86.0,5.0,8,2018,33,5,3,13:45:35,2018-08-18,Saturday,afternoon,weekend
Running,2018-08-16 14:28:27,Kansas City Running,3.0,361.0,00:22:25,150,180,3.3,169.0,229.0,7:28,6:12,79,98,1.27,0:00,84.2,4.0,8,2018,33,3,3,14:28:27,2018-08-16,Thursday,afternoon,week_day
Running,2018-08-14 12:57:26,Kansas City Running,1.74,240.0,00:16:47,136,148,2.4,159.0,169.0,9:38,1:30,82,89,1.05,0:00,84.2,2.0,8,2018,33,1,3,12:57:26,2018-08-14,Tuesday,afternoon,week_day
Running,2018-08-11 14:10:51,Kansas City Running,3.01,401.0,00:26:11,144,163,3.1,160.0,176.0,8:43,7:23,85,89,1.15,0:00,84.2,4.0,8,2018,32,5,3,14:10:51,2018-08-11,Saturday,afternoon,weekend
Running,2018-08-10 11:57:52,Kansas City Running,3.01,419.0,00:26:14,150,171,3.3,162.0,176.0,8:44,7:22,82,82,1.14,0:00,87.8,4.0,8,2018,32,4,3,11:57:52,2018-08-10,Friday,morning,week_day
Running,2018-08-08 16:27:20,Kansas City Running,4.4,596.0,00:37:37,148,172,3.6,162.0,176.0,8:33,7:09,138,135,1.16,0:00,84.2,5.0,8,2018,32,2,3,16:27:20,2018-08-08,Wednesday,afternoon,week_day
Running,2018-08-04 12:11:17,Kansas City Running,3.69,512.0,00:32:10,151,171,3.3,160.0,182.0,8:43,6:43,154,128,1.15,0:00,87.8,4.0,8,2018,31,5,3,12:11:17,2018-08-04,Saturday,afternoon,weekend
Running,2018-08-03 16:22:50,Kansas City Running,3.0,395.0,00:24:33,152,174,3.4,164.0,174.0,8:10,6:36,82,85,1.2,0:00,84.2,4.0,8,2018,31,4,3,16:22:50,2018-08-03,Friday,afternoon,week_day
Running,2018-08-02 15:23:28,Kansas City Running,4.31,594.0,00:36:29,152,174,3.9,163.0,174.0,8:28,7:28,108,121,1.17,0:00,87.8,5.0,8,2018,31,3,3,15:23:28,2018-08-02,Thursday,afternoon,week_day
Running,2018-07-30 19:34:30,Kansas City Running,3.0,375.0,00:24:18,146,165,3.2,162.0,175.0,8:06,6:56,72,89,1.23,0:00,77.0,4.0,7,2018,31,0,3,19:34:30,2018-07-30,Monday,night,week_day
Running,2018-07-28 12:38:37,Kansas City Running,4.31,572.0,00:35:40,153,178,3.8,165.0,180.0,8:17,6:50,125,138,1.18,0:00,82.4,5.0,7,2018,30,5,3,12:38:37,2018-07-28,Saturday,afternoon,weekend
Running,2018-07-25 13:35:47,Kansas City Running,3.01,389.0,00:24:15,152,176,3.5,164.0,178.0,8:04,6:42,66,82,1.21,0:00,80.6,4.0,7,2018,30,2,3,13:35:47,2018-07-25,Wednesday,afternoon,week_day
Running,2018-07-23 11:53:09,Kansas City Running,3.86,493.0,00:40:52,127,141,2.1,154.0,226.0,10:36,8:32,112,79,0.99,0:00,82.4,4.0,7,2018,30,0,3,11:53:09,2018-07-23,Monday,morning,week_day
Running,2018-07-21 14:36:03,Kansas City Running,1.19,149.0,00:10:03,142,161,2.3,152.0,174.0,8:25,6:59,36,52,1.25,0:00,80.6,2.0,7,2018,29,5,3,14:36:03,2018-07-21,Saturday,afternoon,weekend
Running,2018-07-18 13:16:20,Kansas City Running,0.55,69.0,00:04:18.6,155,172,1.8,159.0,189.0,7:49,6:03,39,33,1.3,0:00,84.2,1.0,7,2018,29,2,3,13:16:20,2018-07-18,Wednesday,afternoon,week_day
Running,2018-07-18 12:46:28,Kansas City Running,2.99,411.0,00:25:39,152,182,3.4,160.0,184.0,8:35,6:28,92,69,1.17,0:00,84.2,3.0,7,2018,29,2,3,12:46:28,2018-07-18,Wednesday,afternoon,week_day
Running,2018-07-17 12:33:25,Kansas City Running,1.9,253.0,00:16:39,146,165,2.8,159.0,183.0,8:46,6:54,105,82,1.15,0:00,82.4,2.0,7,2018,29,1,3,12:33:25,2018-07-17,Tuesday,afternoon,week_day
Running,2018-07-16 18:17:10,Kansas City Running,3.01,397.0,00:24:43,153,177,3.5,163.0,176.0,8:14,7:11,79,102,1.2,0:00,86.0,4.0,7,2018,29,0,3,18:17:10,2018-07-16,Monday,night,week_day
Cycling,2018-07-14 22:44:31,Kansas City Cycling,1.82,139.0,00:15:55,108,132,0.8,,,6.9,19.3,33,79,0.0,0:00,82.4,1.0,7,2018,28,5,3,22:44:31,2018-07-14,Saturday,night,weekend
Cycling,2018-07-14 21:33:26,Kansas City Cycling,2.41,166.0,00:22:12,102,134,0.8,,,6.5,14.5,144,72,0.0,0:00,82.4,1.0,7,2018,28,5,3,21:33:26,2018-07-14,Saturday,night,weekend
Running,2018-07-12 18:28:38,Kansas City Running,3.01,416.0,00:25:59,152,176,3.5,159.0,172.0,8:39,7:11,72,92,1.17,0:00,82.4,4.0,7,2018,28,3,3,18:28:38,2018-07-12,Thursday,night,week_day
Running,2018-07-11 13:50:57,Kansas City Running,0.78,107.0,00:06:38.1,156,174,2.4,162.0,245.0,8:30,6:56,43,66,1.17,0:00,77.0,1.0,7,2018,28,2,3,13:50:57,2018-07-11,Wednesday,afternoon,week_day
Running,2018-07-11 13:06:35,Kansas City Running,0.77,92.0,00:06:00.4,144,158,2.0,162.0,179.0,7:50,6:31,49,52,1.27,0:00,80.6,1.0,7,2018,28,2,3,13:06:35,2018-07-11,Wednesday,afternoon,week_day
Running,2018-07-09 17:24:20,Kansas City Running,0.8,110.0,00:07:21.5,144,159,2.0,156.0,172.0,9:11,8:03,46,75,1.13,0:00,77.0,1.0,7,2018,28,0,3,17:24:20,2018-07-09,Monday,afternoon,week_day
Running,2018-07-09 16:26:25,Kansas City Running,0.73,93.0,00:06:08.0,144,163,2.0,161.0,177.0,8:24,7:08,52,46,1.19,0:00,82.4,1.0,7,2018,28,0,3,16:26:25,2018-07-09,Monday,afternoon,week_day
Running,2018-07-07 13:17:07,Kansas City Running,0.8,116.0,00:07:21.9,152,170,2.2,160.0,170.0,9:09,8:04,43,66,1.1,0:00,78.8,1.0,7,2018,27,5,3,13:17:07,2018-07-07,Saturday,afternoon,weekend
Running,2018-07-07 12:35:18,Kansas City Running,0.84,107.0,00:07:02.1,146,167,2.1,163.0,176.0,8:20,7:05,75,52,1.18,0:00,87.8,1.0,7,2018,27,5,3,12:35:18,2018-07-07,Saturday,afternoon,weekend
Running,2018-07-05 18:26:00,Kansas City Running,4.31,587.0,00:37:39,151,179,3.8,162.0,186.0,8:44,6:19,108,138,1.14,0:00,82.4,5.0,7,2018,27,3,3,18:26:00,2018-07-05,Thursday,night,week_day
Running,2018-07-03 18:20:00,Kansas City Running,0.81,106.0,00:07:01.4,148,159,2.1,157.0,170.0,8:42,7:55,39,75,1.18,0:00,78.8,1.0,7,2018,27,1,3,18:20:00,2018-07-03,Tuesday,night,week_day
Running,2018-07-03 17:40:58,Kansas City Running,0.74,90.0,00:06:33.3,137,157,1.8,160.0,172.0,8:54,7:45,56,52,1.13,0:00,82.4,1.0,7,2018,27,1,3,17:40:58,2018-07-03,Tuesday,afternoon,week_day
Running,2018-07-02 16:14:30,Kansas City Running,4.32,564.0,00:37:46,146,172,3.4,162.0,178.0,8:45,6:50,108,131,1.14,0:00,82.4,5.0,7,2018,27,0,3,16:14:30,2018-07-02,Monday,afternoon,week_day
Running,2018-07-01 14:26:10,Kansas City Running,0.8,100.0,00:06:40.4,144,164,2.1,163.0,177.0,8:20,6:49,52,79,1.18,0:00,77.0,1.0,7,2018,26,6,3,14:26:10,2018-07-01,Sunday,afternoon,weekend
Running,2018-07-01 13:38:48,Kansas City Running,0.78,88.0,00:07:00.5,126,148,1.5,158.0,186.0,9:01,6:22,75,49,1.13,0:00,84.2,1.0,7,2018,26,6,3,13:38:48,2018-07-01,Sunday,afternoon,weekend
Running,2018-06-26 16:43:53,Kansas City Running,4.31,585.0,00:36:56,152,181,3.9,164.0,182.0,8:35,7:09,121,144,1.15,0:00,87.8,5.0,6,2018,26,1,2,16:43:53,2018-06-26,Tuesday,afternoon,week_day
Running,2018-06-22 18:14:39,Kansas City Running,0.75,108.0,00:07:15.9,146,162,2.1,159.0,173.0,9:41,2:35,43,66,1.05,0:00,75.2,1.0,6,2018,25,4,2,18:14:39,2018-06-22,Friday,night,week_day
Running,2018-06-22 17:36:00,Kansas City Running,0.81,149.0,00:12:25,128,150,2.0,101.0,171.0,15:24,8:14,75,43,1.03,0:00,77.0,1.0,6,2018,25,4,2,17:36:00,2018-06-22,Friday,afternoon,week_day
Treadmill Running,2018-06-21 12:50:33,Treadmill Running,0.76,127.0,00:08:55.2,146,166,2.2,124.0,173.0,11:44,7:13,,,1.11,0:00,73.4,1.0,6,2018,25,3,2,12:50:33,2018-06-21,Thursday,afternoon,week_day
Treadmill Running,2018-06-21 12:06:17,Treadmill Running,0.89,115.0,00:07:57.2,138,150,2.1,159.0,173.0,8:53,7:23,,,1.14,0:00,75.2,1.0,6,2018,25,3,2,12:06:17,2018-06-21,Thursday,afternoon,week_day
Running,2018-06-19 15:57:15,Kansas City Running,2.27,293.0,00:21:21,137,155,2.3,148.0,179.0,9:25,6:41,95,105,1.15,0:00,80.6,3.0,6,2018,25,1,2,15:57:15,2018-06-19,Tuesday,afternoon,week_day
Treadmill Running,2018-06-18 16:29:19,Treadmill Running,0.76,112.0,00:07:59.0,139,163,2.0,131.0,187.0,10:29,5:16,,,1.17,0:00,78.8,1.0,6,2018,25,0,2,16:29:19,2018-06-18,Monday,afternoon,week_day
Running,2018-06-15 15:00:32,Kansas City Running,3.01,424.0,00:28:02,148,170,3.3,147.0,192.0,9:19,5:57,82,112,1.18,0:00,82.4,4.0,6,2018,24,4,2,15:00:32,2018-06-15,Friday,afternoon,week_day
Running,2018-06-13 16:44:25,Kansas City Running,4.13,538.0,00:37:06,145,177,3.4,161.0,177.0,8:59,7:16,89,135,1.11,0:00,80.6,5.0,6,2018,24,2,2,16:44:25,2018-06-13,Wednesday,afternoon,week_day
Running,2018-06-12 18:40:10,Kansas City Running,2.45,317.0,00:22:51,141,163,2.9,157.0,191.0,9:20,5:57,39,82,1.1,0:00,80.6,3.0,6,2018,24,1,2,18:40:10,2018-06-12,Tuesday,night,week_day
Cycling,2018-06-11 19:51:57,Kansas City Cycling,2.05,156.0,00:18:21,108,132,0.9,,,6.7,11.5,16,108,0.0,0:00,87.8,1.0,6,2018,24,0,2,19:51:57,2018-06-11,Monday,night,week_day
Running,2018-06-11 18:54:12,Kansas City Running,2.6,363.0,00:30:03,131,159,2.5,147.0,174.0,11:34,7:29,89,49,0.94,0:00,86.0,3.0,6,2018,24,0,2,18:54:12,2018-06-11,Monday,night,week_day
Running,2018-06-09 13:25:29,Kansas City Running,4.1,538.0,00:34:40,153,179,4.1,164.0,176.0,8:27,6:01,85,128,1.16,0:00,86.0,5.0,6,2018,23,5,2,13:25:29,2018-06-09,Saturday,afternoon,weekend
Running,2018-06-05 15:49:26,Kansas City Running,2.91,391.0,00:25:28,150,164,3.7,161.0,172.0,8:45,7:09,85,89,1.14,0:00,87.8,3.0,6,2018,23,1,2,15:49:26,2018-06-05,Tuesday,afternoon,week_day
Running,2018-06-04 19:43:03,Kansas City Running,4.37,567.0,00:47:07,131,167,3.6,129.0,177.0,10:48,6:55,118,135,1.15,0:00,77.0,5.0,6,2018,23,0,2,19:43:03,2018-06-04,Monday,night,week_day
Running,2018-05-31 16:59:08,Kansas City Running,0.83,122.0,00:08:08.0,150,169,2.4,148.0,176.0,9:51,7:54,46,72,1.1,0:00,78.8,1.0,5,2018,22,3,2,16:59:08,2018-05-31,Thursday,afternoon,week_day
Running,2018-05-31 16:17:59,Kansas City Running,0.81,113.0,00:07:48.1,144,165,2.3,150.0,175.0,9:41,6:55,75,49,1.11,0:00,78.8,1.0,5,2018,22,3,2,16:17:59,2018-05-31,Thursday,afternoon,week_day
Running,2018-05-30 18:49:42,Kansas City Running,3.01,409.0,00:27:10,148,173,3.8,155.0,178.0,9:02,6:43,69,95,1.15,0:00,82.4,4.0,5,2018,22,2,2,18:49:42,2018-05-30,Wednesday,night,week_day
Treadmill Running,2018-05-29 18:30:15,Treadmill Running,1.5,200.0,00:15:57,130,138,2.3,141.0,166.0,10:38,7:35,,,1.13,0:00,75.2,2.0,5,2018,22,1,2,18:30:15,2018-05-29,Tuesday,night,week_day
Cycling,2018-05-27 13:44:39,Kansas City Cycling,1.73,110.0,00:15:55,100,119,0.5,,,6.5,13.4,26,125,0.0,0:00,95.0,1.0,5,2018,21,6,2,13:44:39,2018-05-27,Sunday,afternoon,weekend
Cycling,2018-05-27 12:59:44,Kansas City Cycling,1.9,143.0,00:24:09,94,121,0.5,,,4.7,14.6,131,154,0.0,0:00,93.2,1.0,5,2018,21,6,2,12:59:44,2018-05-27,Sunday,afternoon,weekend
Running,2018-05-25 15:39:42,Kansas City Running,3.0,417.0,00:28:34,143,163,3.5,157.0,170.0,9:30,7:33,89,82,1.08,0:00,84.2,4.0,5,2018,21,4,2,15:39:42,2018-05-25,Friday,afternoon,week_day
Treadmill Running,2018-05-24 12:16:14,Treadmill Running,1.09,142.0,00:09:41.2,142,154,2.5,159.0,168.0,8:53,8:46,,,1.07,0:00,80.6,2.0,5,2018,21,3,2,12:16:14,2018-05-24,Thursday,afternoon,week_day
Running,2018-05-23 13:29:44,Kansas City Running,0.67,97.0,00:06:33.5,145,161,2.2,152.0,170.0,9:44,7:39,33,56,1.09,0:00,78.8,1.0,5,2018,21,2,2,13:29:44,2018-05-23,Wednesday,afternoon,week_day
Running,2018-05-23 12:28:14,Kansas City Running,0.98,130.0,00:09:18.7,136,155,2.3,158.0,165.0,9:31,8:26,56,52,1.07,0:00,82.4,1.0,5,2018,21,2,2,12:28:14,2018-05-23,Wednesday,afternoon,week_day
Treadmill Running,2018-05-20 17:39:14,Treadmill Running,1.0,130.0,00:08:52.0,142,150,2.4,160.0,169.0,8:52,5:30,,,1.22,0:00,75.2,2.0,5,2018,20,6,2,17:39:14,2018-05-20,Sunday,afternoon,weekend
Treadmill Running,2018-05-20 16:59:03,Treadmill Running,1.1,106.0,00:09:13.8,122,130,1.4,157.0,166.0,8:23,7:39,,,1.16,0:00,77.0,2.0,5,2018,20,6,2,16:59:03,2018-05-20,Sunday,afternoon,weekend
Treadmill Running,2018-05-19 15:45:02,Treadmill Running,2.0,239.0,00:17:29,135,144,2.7,160.0,166.0,8:44,6:06,,,1.21,0:00,77.0,3.0,5,2018,20,5,2,15:45:02,2018-05-19,Saturday,afternoon,weekend
Treadmill Running,2018-05-18 12:51:37,Treadmill Running,1.02,135.0,00:08:52.4,150,169,2.6,159.0,168.0,8:42,7:47,,,1.16,0:00,75.2,2.0,5,2018,20,4,2,12:51:37,2018-05-18,Friday,afternoon,week_day
Treadmill Running,2018-05-18 12:10:19,Treadmill Running,1.03,137.0,00:09:27.7,140,152,2.4,148.0,172.0,9:11,7:21,,,1.21,0:00,78.8,2.0,5,2018,20,4,2,12:10:19,2018-05-18,Friday,afternoon,week_day
Running,2018-04-26 15:31:28,Kansas City Running,4.22,575.0,00:35:53,157,177,4.1,165.0,236.0,8:30,5:10,128,135,1.15,0:00,75.2,5.0,4,2018,17,3,2,15:31:28,2018-04-26,Thursday,afternoon,week_day
Treadmill Running,2018-04-25 16:41:51,Treadmill Running,1.0,129.0,00:09:05.5,140,155,2.2,149.0,177.0,9:03,5:16,,,1.19,0:00,75.2,2.0,4,2018,17,2,2,16:41:51,2018-04-25,Wednesday,afternoon,week_day
Treadmill Running,2018-04-25 16:11:33,Treadmill Running,0.9,116.0,00:07:44.3,146,158,2.2,160.0,177.0,8:35,5:51,,,1.17,0:00,73.4,1.0,4,2018,17,2,2,16:11:33,2018-04-25,Wednesday,afternoon,week_day
Treadmill Running,2018-04-24 15:56:27,Treadmill Running,1.0,143.0,00:09:21.7,146,159,2.4,156.0,171.0,9:22,6:37,,,1.19,0:00,75.2,2.0,4,2018,17,1,2,15:56:27,2018-04-24,Tuesday,afternoon,week_day
Treadmill Running,2018-04-24 15:14:53,Treadmill Running,0.55,67.0,00:04:14.0,155,159,2.0,169.0,175.0,7:41,5:38,,,1.24,0:00,78.8,1.0,4,2018,17,1,2,15:14:53,2018-04-24,Tuesday,afternoon,week_day
Treadmill Running,2018-04-22 15:12:00,Treadmill Running,0.68,88.0,00:05:27.2,161,177,2.3,154.0,181.0,8:03,4:14,,,1.3,0:00,75.2,1.0,4,2018,16,6,2,15:12:00,2018-04-22,Sunday,afternoon,weekend
Treadmill Running,2018-04-22 14:23:06,Treadmill Running,1.1,123.0,00:09:15.3,135,154,2.1,147.0,181.0,8:25,4:17,,,1.28,0:00,77.0,2.0,4,2018,16,6,2,14:23:06,2018-04-22,Sunday,afternoon,weekend
Treadmill Running,2018-04-21 14:45:36,Treadmill Running,1.12,122.0,00:08:14.6,147,165,2.3,166.0,177.0,7:22,4:34,,,1.24,0:00,73.4,2.0,4,2018,16,5,2,14:45:36,2018-04-21,Saturday,afternoon,weekend
Treadmill Running,2018-04-19 16:31:11,Treadmill Running,0.81,94.0,00:10:13,112,130,1.0,108.0,183.0,12:38,5:09,,,1.18,0:00,77.0,1.0,4,2018,16,3,2,16:31:11,2018-04-19,Thursday,afternoon,week_day
Treadmill Running,2018-04-15 12:20:23,Treadmill Running,3.0,335.0,00:25:52,134,145,2.6,164.0,170.0,8:37,5:29,,,1.16,0:00,71.6,4.0,4,2018,15,6,2,12:20:23,2018-04-15,Sunday,afternoon,weekend
Treadmill Running,2018-04-13 17:26:07,Treadmill Running,0.95,114.0,00:07:54.7,142,154,2.2,152.0,177.0,8:21,4:29,,,1.26,0:00,77.0,1.0,4,2018,15,4,2,17:26:07,2018-04-13,Friday,afternoon,week_day
Treadmill Running,2018-04-12 12:00:44,Treadmill Running,0.93,104.0,00:08:01.5,132,152,2.0,158.0,175.0,8:35,5:44,,,1.19,0:00,75.2,1.0,4,2018,15,3,2,12:00:44,2018-04-12,Thursday,afternoon,week_day
Treadmill Running,2018-04-12 11:22:47,Treadmill Running,1.01,131.0,00:09:31.3,140,152,2.2,146.0,171.0,9:27,4:40,,,1.17,0:00,75.2,2.0,4,2018,15,3,2,11:22:47,2018-04-12,Thursday,morning,week_day
Treadmill Running,2018-04-10 18:18:19,Treadmill Running,1.02,112.0,00:07:21.8,153,167,2.5,165.0,183.0,7:15,4:43,,,1.35,0:00,75.2,2.0,4,2018,15,1,2,18:18:19,2018-04-10,Tuesday,night,week_day
Treadmill Running,2018-04-10 17:48:27,Treadmill Running,1.0,117.0,00:07:59.0,144,151,2.3,162.0,175.0,7:59,5:51,,,1.25,0:00,77.0,1.0,4,2018,15,1,2,17:48:27,2018-04-10,Tuesday,afternoon,week_day
Treadmill Running,2018-04-09 13:31:15,Treadmill Running,0.99,140.0,00:09:02.0,153,165,2.6,151.0,173.0,9:05,5:26,,,1.18,0:00,73.4,1.0,4,2018,15,0,2,13:31:15,2018-04-09,Monday,afternoon,week_day
Treadmill Running,2018-04-09 12:48:30,Treadmill Running,0.99,130.0,00:08:56.0,143,159,2.4,151.0,175.0,8:59,6:18,,,1.18,0:00,75.2,1.0,4,2018,15,0,2,12:48:30,2018-04-09,Monday,afternoon,week_day
Treadmill Running,2018-04-06 13:04:02,Treadmill Running,1.5,182.0,00:11:43,153,169,3.0,168.0,179.0,7:49,5:59,,,1.15,0:00,73.4,2.0,4,2018,14,4,2,13:04:02,2018-04-06,Friday,afternoon,week_day
Treadmill Running,2018-04-06 12:28:18,Treadmill Running,1.5,232.0,00:23:02,124,154,2.7,93.0,175.0,15:22,4:44,,,1.16,0:00,73.4,2.0,4,2018,14,4,2,12:28:18,2018-04-06,Friday,afternoon,week_day
Treadmill Running,2018-04-04 16:23:14,Treadmill Running,2.0,272.0,00:17:50,146,165,3.1,151.0,173.0,8:55,5:53,,,0.95,0:00,75.2,2.0,4,2018,14,2,2,16:23:14,2018-04-04,Wednesday,afternoon,week_day
Treadmill Running,2018-04-03 16:49:33,Treadmill Running,0.67,155.0,00:16:29,116,148,2.0,74.0,171.0,24:47,7:09,,,0.88,0:00,75.2,1.0,4,2018,14,1,2,16:49:33,2018-04-03,Tuesday,afternoon,week_day
Treadmill Running,2018-04-03 16:20:09,Treadmill Running,0.87,159.0,00:13:01,129,147,2.2,102.0,175.0,14:59,5:59,,,1.06,0:00,69.8,1.0,4,2018,14,1,2,16:20:09,2018-04-03,Tuesday,afternoon,week_day
Treadmill Running,2018-04-02 16:32:46,Treadmill Running,0.82,139.0,00:12:28,124,148,2.2,106.0,173.0,15:15,5:48,,,1.0,0:00,66.2,1.0,4,2018,14,0,2,16:32:46,2018-04-02,Monday,afternoon,week_day
Cycling,2018-03-31 14:14:17,Kansas City Cycling,1.93,114.0,00:15:28,102,126,0.6,,,7.5,20.2,13,141,0.0,0:00,69.8,1.0,3,2018,13,5,1,14:14:17,2018-03-31,Saturday,afternoon,weekend
Cycling,2018-03-31 13:23:28,Kansas City Cycling,1.27,138.0,00:18:43,103,128,0.7,,,4.1,9.2,128,3,0.0,0:00,77.0,1.0,3,2018,13,5,1,13:23:28,2018-03-31,Saturday,afternoon,weekend
Treadmill Running,2018-03-30 12:48:10,Treadmill Running,0.46,69.0,00:05:55.4,124,152,1.3,114.0,175.0,12:46,6:43,,,1.11,0:00,78.8,1.0,3,2018,13,4,1,12:48:10,2018-03-30,Friday,afternoon,week_day
Treadmill Running,2018-03-29 16:10:30,Treadmill Running,0.84,131.0,00:08:20.0,153,163,2.4,153.0,179.0,9:56,5:51,,,1.06,0:00,75.2,1.0,3,2018,13,3,1,16:10:30,2018-03-29,Thursday,afternoon,week_day
Treadmill Running,2018-03-29 15:32:08,Treadmill Running,0.87,161.0,00:15:20,124,166,2.4,89.0,171.0,17:42,6:42,,,1.03,0:00,73.4,1.0,3,2018,13,3,1,15:32:08,2018-03-29,Thursday,afternoon,week_day
Treadmill Running,2018-03-28 18:27:45,Treadmill Running,0.9,247.0,00:29:49,115,155,2.3,56.0,166.0,33:07,8:24,,,0.87,0:00,75.2,1.0,3,2018,13,2,1,18:27:45,2018-03-28,Wednesday,night,week_day
Treadmill Running,2018-03-28 17:55:25,Treadmill Running,0.1,15.0,00:01:06.3,138,144,0.4,138.0,169.0,11:22,7:08,,,1.02,0:00,77.0,1.0,3,2018,13,2,1,17:55:25,2018-03-28,Wednesday,afternoon,week_day
Treadmill Running,2018-03-27 16:03:28,Treadmill Running,0.83,134.0,00:08:42.2,151,168,2.4,146.0,171.0,10:33,7:07,,,1.04,0:00,75.2,1.0,3,2018,13,1,1,16:03:28,2018-03-27,Tuesday,afternoon,week_day
Treadmill Running,2018-03-27 15:31:58,Treadmill Running,0.87,143.0,00:11:12,133,151,2.2,121.0,169.0,12:51,6:05,,,1.03,0:00,75.2,1.0,3,2018,13,1,1,15:31:58,2018-03-27,Tuesday,afternoon,week_day
Treadmill Running,2018-03-26 17:27:55,Treadmill Running,0.47,79.0,00:05:30.4,145,158,1.9,142.0,171.0,11:48,7:25,,,0.96,0:00,78.8,1.0,3,2018,13,0,1,17:27:55,2018-03-26,Monday,afternoon,week_day
Treadmill Running,2018-03-26 16:35:42,Treadmill Running,0.82,112.0,00:07:49.0,139,153,2.1,161.0,171.0,9:29,7:05,,,1.05,0:00,77.0,1.0,3,2018,13,0,1,16:35:42,2018-03-26,Monday,afternoon,week_day
Running,2018-03-24 13:47:14,Kansas City Running,2.64,447.0,00:35:46,141,171,3.1,130.0,234.0,13:34,8:49,92,56,0.91,0:00,55.4,3.0,3,2018,12,5,1,13:47:14,2018-03-24,Saturday,afternoon,weekend
Treadmill Running,2018-03-18 15:49:50,Treadmill Running,0.86,138.0,00:10:25,134,158,2.1,142.0,168.0,12:06,7:10,,,0.94,0:00,75.2,1.0,3,2018,11,6,1,15:49:50,2018-03-18,Sunday,afternoon,weekend
Treadmill Running,2018-03-15 20:17:43,Treadmill Running,0.87,171.0,00:17:52,118,159,2.0,78.0,173.0,20:31,7:05,,,1.0,0:00,75.2,1.0,3,2018,11,3,1,20:17:43,2018-03-15,Thursday,night,week_day
Treadmill Running,2018-03-13 16:01:29,Treadmill Running,0.66,90.0,00:07:57.3,123,147,1.3,119.0,183.0,11:59,5:59,,,1.13,0:00,75.2,1.0,3,2018,11,1,1,16:01:29,2018-03-13,Tuesday,afternoon,week_day
Treadmill Running,2018-03-12 17:04:18,Treadmill Running,0.84,101.0,00:07:18.8,135,151,2.0,164.0,180.0,8:45,6:02,,,1.12,0:00,73.4,1.0,3,2018,11,0,1,17:04:18,2018-03-12,Monday,afternoon,week_day
Treadmill Running,2018-03-12 16:37:33,Treadmill Running,0.89,110.0,00:07:53.1,139,158,2.0,158.0,185.0,8:53,5:32,,,1.15,0:00,75.2,1.0,3,2018,11,0,1,16:37:33,2018-03-12,Monday,afternoon,week_day
Treadmill Running,2018-03-11 12:25:47,Treadmill Running,0.84,123.0,00:09:04.1,136,153,2.1,145.0,177.0,10:44,7:09,,,1.03,0:00,75.2,1.0,3,2018,10,6,1,12:25:47,2018-03-11,Sunday,afternoon,weekend
Treadmill Running,2018-03-09 16:08:35,Treadmill Running,0.85,112.0,00:07:43.8,142,160,2.1,154.0,189.0,9:03,5:16,,,1.15,0:00,73.4,1.0,3,2018,10,4,1,16:08:35,2018-03-09,Friday,afternoon,week_day
Treadmill Running,2018-03-09 15:30:34,Treadmill Running,0.85,121.0,00:08:20.2,142,161,2.2,152.0,177.0,9:50,7:01,,,1.08,0:00,77.0,1.0,3,2018,10,4,1,15:30:34,2018-03-09,Friday,afternoon,week_day
Treadmill Running,2018-03-08 14:12:01,Treadmill Running,1.0,191.0,00:16:15,134,164,2.3,111.0,178.0,16:14,5:42,,,0.89,0:00,73.4,2.0,3,2018,10,3,1,14:12:01,2018-03-08,Thursday,afternoon,week_day
Treadmill Running,2018-03-08 13:29:39,Treadmill Running,0.86,130.0,00:09:11.3,142,159,2.3,144.0,175.0,10:41,6:54,,,1.05,0:00,73.4,1.0,3,2018,10,3,1,13:29:39,2018-03-08,Thursday,afternoon,week_day
Treadmill Running,2018-03-07 16:15:05,Treadmill Running,0.33,111.0,00:12:12,116,161,1.2,51.0,171.0,37:09,7:20,,,0.85,0:00,73.4,1.0,3,2018,10,2,1,16:15:05,2018-03-07,Wednesday,afternoon,week_day
Treadmill Running,2018-03-07 15:40:29,Treadmill Running,0.83,111.0,00:07:10.5,150,165,2.2,164.0,179.0,8:38,6:54,,,1.14,0:00,73.4,1.0,3,2018,10,2,1,15:40:29,2018-03-07,Wednesday,afternoon,week_day
Treadmill Running,2018-03-06 14:16:48,Treadmill Running,0.64,125.0,00:08:52.0,144,158,2.2,120.0,175.0,13:45,5:47,,,0.98,0:00,75.2,1.0,3,2018,10,1,1,14:16:48,2018-03-06,Tuesday,afternoon,week_day
Treadmill Running,2018-03-06 13:25:12,Treadmill Running,0.84,128.0,00:09:18.0,137,153,2.1,145.0,175.0,11:02,6:48,,,1.0,0:00,66.2,1.0,3,2018,10,1,1,13:25:12,2018-03-06,Tuesday,afternoon,week_day
Treadmill Running,2018-03-03 13:48:22,Treadmill Running,0.7,90.0,00:05:59.0,145,151,2.0,173.0,179.0,8:30,6:40,,,1.1,0:00,77.0,1.0,3,2018,9,5,1,13:48:22,2018-03-03,Saturday,afternoon,weekend
Treadmill Running,2018-03-02 16:17:05,Treadmill Running,0.83,105.0,00:07:00.0,145,161,2.1,172.0,187.0,8:23,6:10,,,1.11,0:00,73.4,1.0,3,2018,9,4,1,16:17:05,2018-03-02,Friday,afternoon,week_day
Treadmill Running,2018-03-02 15:48:25,Treadmill Running,0.93,112.0,00:07:33.2,146,168,2.2,168.0,187.0,8:07,5:53,,,1.18,0:00,75.2,1.0,3,2018,9,4,1,15:48:25,2018-03-02,Friday,afternoon,week_day
Running,2018-03-01 15:56:21,Kansas City Running,4.24,563.0,00:37:08,151,162,3.7,164.0,178.0,8:46,6:53,115,131,1.12,0:00,59.0,5.0,3,2018,9,3,1,15:56:21,2018-03-01,Thursday,afternoon,week_day
Treadmill Running,2018-02-28 15:51:00,Treadmill Running,0.98,121.0,00:07:45.6,151,162,2.3,162.0,175.0,7:57,5:58,,,1.25,0:00,75.2,1.0,2,2018,9,2,1,15:51:00,2018-02-28,Wednesday,afternoon,week_day
Treadmill Running,2018-02-28 15:08:58,Treadmill Running,0.99,147.0,00:12:46,128,158,2.2,102.0,175.0,12:54,6:55,,,1.22,0:00,75.2,1.0,2,2018,9,2,1,15:08:58,2018-02-28,Wednesday,afternoon,week_day
Treadmill Running,2018-02-27 16:32:57,Treadmill Running,1.01,107.0,00:07:03.0,147,166,2.3,172.0,200.0,7:00,4:32,,,1.34,0:00,75.2,2.0,2,2018,9,1,1,16:32:57,2018-02-27,Tuesday,afternoon,week_day
Treadmill Running,2018-02-27 15:37:44,Treadmill Running,0.99,155.0,00:12:27,135,163,2.4,102.0,177.0,12:37,6:41,,,1.26,0:00,75.2,1.0,2,2018,9,1,1,15:37:44,2018-02-27,Tuesday,afternoon,week_day
Treadmill Running,2018-02-26 10:41:41,Treadmill Running,0.97,109.0,00:07:07.5,145,164,2.2,171.0,185.0,7:22,5:44,,,1.27,0:00,73.4,1.0,2,2018,9,0,1,10:41:41,2018-02-26,Monday,morning,week_day
Treadmill Running,2018-02-26 09:54:39,Treadmill Running,1.0,116.0,00:08:10.2,144,156,2.2,160.0,177.0,8:09,6:09,,,1.23,0:00,73.4,2.0,2,2018,9,0,1,09:54:39,2018-02-26,Monday,morning,week_day
Treadmill Running,2018-02-24 13:46:10,Treadmill Running,0.98,111.0,00:07:57.1,139,150,2.2,161.0,173.0,8:08,6:21,,,1.23,0:00,77.0,1.0,2,2018,8,5,1,13:46:10,2018-02-24,Saturday,afternoon,weekend
Treadmill Running,2018-02-21 20:51:06,Treadmill Running,0.65,74.0,00:05:13.5,143,158,2.0,160.0,183.0,8:04,5:48,,,1.25,0:00,75.2,1.0,2,2018,8,2,1,20:51:06,2018-02-21,Wednesday,night,week_day
Treadmill Running,2018-02-21 20:14:27,Treadmill Running,0.9,109.0,00:07:39.3,142,151,2.2,154.0,173.0,8:33,7:18,,,1.22,0:00,71.6,1.0,2,2018,8,2,1,20:14:27,2018-02-21,Wednesday,night,week_day
Treadmill Running,2018-02-19 16:35:30,Treadmill Running,1.0,145.0,00:10:07,149,168,2.6,135.0,173.0,10:05,7:21,,,1.18,0:00,77.0,2.0,2,2018,8,0,1,16:35:30,2018-02-19,Monday,afternoon,week_day
Treadmill Running,2018-02-19 15:54:23,Treadmill Running,1.0,105.0,00:08:42.9,128,142,2.0,152.0,171.0,8:42,7:07,,,1.22,0:00,73.4,2.0,2,2018,8,0,1,15:54:23,2018-02-19,Monday,afternoon,week_day
Treadmill Running,2018-02-17 14:25:47,Treadmill Running,2.0,216.0,00:14:48,147,158,3.0,167.0,189.0,7:24,5:03,,,1.29,0:00,75.2,2.0,2,2018,7,5,1,14:25:47,2018-02-17,Saturday,afternoon,weekend
Treadmill Running,2018-02-16 16:20:35,Treadmill Running,1.0,148.0,00:10:00,151,166,2.7,134.0,171.0,9:59,6:03,,,1.2,0:00,75.2,2.0,2,2018,7,4,1,16:20:35,2018-02-16,Friday,afternoon,week_day
Treadmill Running,2018-02-16 15:46:14,Treadmill Running,1.0,127.0,00:09:45.3,135,148,2.2,137.0,172.0,9:45,5:22,,,1.59,0:00,75.2,2.0,2,2018,7,4,1,15:46:14,2018-02-16,Friday,afternoon,week_day
Treadmill Running,2018-02-15 15:53:37,Treadmill Running,1.32,105.0,00:09:46.2,121,143,1.8,138.0,173.0,7:24,5:29,,,1.56,0:00,73.4,2.0,2,2018,7,3,1,15:53:37,2018-02-15,Thursday,afternoon,week_day
Treadmill Running,2018-02-15 15:27:58,Treadmill Running,0.53,71.0,00:05:38.7,134,154,1.7,95.0,171.0,10:36,5:17,,,1.59,0:00,75.2,1.0,2,2018,7,3,1,15:27:58,2018-02-15,Thursday,afternoon,week_day
Treadmill Running,2018-02-09 13:00:24,Treadmill Running,1.5,132.0,00:08:45.9,156,165,2.5,168.0,177.0,5:51,6:46,,,1.25,0:00,73.4,2.0,2,2018,6,4,1,13:00:24,2018-02-09,Friday,afternoon,week_day
Treadmill Running,2018-02-09 12:07:33,Treadmill Running,1.49,199.0,00:19:14,127,160,2.5,106.0,175.0,12:54,7:55,,,0.97,0:00,71.6,2.0,2,2018,6,4,1,12:07:33,2018-02-09,Friday,afternoon,week_day
Treadmill Running,2018-02-08 16:16:13,Treadmill Running,1.0,147.0,00:14:02,125,147,2.1,135.0,185.0,14:00,7:08,,,0.85,0:00,69.8,2.0,2,2018,6,3,1,16:16:13,2018-02-08,Thursday,afternoon,week_day
Treadmill Running,2018-02-08 15:43:14,Treadmill Running,0.89,137.0,00:11:50,130,151,2.2,118.0,175.0,13:15,8:00,,,1.03,0:00,71.6,1.0,2,2018,6,3,1,15:43:14,2018-02-08,Thursday,afternoon,week_day
Treadmill Running,2018-02-07 14:06:38,Treadmill Running,1.5,303.0,00:33:41,126,171,3.1,82.0,171.0,22:27,5:25,,,1.01,0:00,71.6,2.0,2,2018,6,2,1,14:06:38,2018-02-07,Wednesday,afternoon,week_day
Treadmill Running,2018-02-07 13:29:24,Treadmill Running,1.5,185.0,00:13:42,143,160,2.8,133.0,173.0,9:08,6:59,,,1.23,0:00,69.8,2.0,2,2018,6,2,1,13:29:24,2018-02-07,Wednesday,afternoon,week_day
Treadmill Running,2018-02-05 12:56:18,Treadmill Running,2.0,235.0,00:18:33,140,158,3.0,140.0,175.0,9:16,7:44,,,1.11,0:00,71.6,2.0,2,2018,6,0,1,12:56:18,2018-02-05,Monday,afternoon,week_day
Treadmill Running,2018-02-01 16:43:21,Treadmill Running,0.48,51.0,00:04:26.4,125,131,0.8,155.0,171.0,9:16,7:41,,,1.12,0:00,75.2,1.0,2,2018,5,3,1,16:43:21,2018-02-01,Thursday,afternoon,week_day
Treadmill Running,2018-02-01 16:02:06,Treadmill Running,0.91,97.0,00:08:04.0,128,140,1.6,160.0,173.0,8:50,7:36,,,1.14,0:00,60.8,1.0,2,2018,5,3,1,16:02:06,2018-02-01,Thursday,afternoon,week_day
Treadmill Running,2018-01-30 16:24:01,Treadmill Running,3.07,404.0,00:35:11,141,175,3.5,132.0,175.0,11:27,5:46,,,1.09,0:00,69.8,4.0,1,2018,5,1,1,16:24:01,2018-01-30,Tuesday,afternoon,week_day
Treadmill Running,2018-01-25 13:05:44,Treadmill Running,0.93,106.0,00:07:31.4,145,157,2.1,154.0,185.0,8:07,6:22,,,1.28,0:00,71.6,1.0,1,2018,4,3,1,13:05:44,2018-01-25,Thursday,afternoon,week_day
Treadmill Running,2018-01-22 17:06:39,Treadmill Running,1.03,115.0,00:08:18.5,145,154,2.2,158.0,175.0,8:05,6:09,,,1.24,0:00,73.4,2.0,1,2018,4,0,1,17:06:39,2018-01-22,Monday,afternoon,week_day
Treadmill Running,2018-01-22 16:33:05,Treadmill Running,1.0,119.0,00:10:14,131,151,2.0,129.0,173.0,10:13,7:13,,,1.22,0:00,68.0,2.0,1,2018,4,0,1,16:33:05,2018-01-22,Monday,afternoon,week_day
Treadmill Running,2018-01-21 15:01:07,Treadmill Running,1.04,126.0,00:08:57.3,149,166,2.3,150.0,173.0,8:36,5:49,,,1.21,0:00,77.0,2.0,1,2018,3,6,1,15:01:07,2018-01-21,Sunday,afternoon,weekend
Treadmill Running,2018-01-21 14:26:32,Treadmill Running,1.0,104.0,00:08:03.0,136,148,2.0,160.0,173.0,8:02,7:06,,,1.25,0:00,77.0,2.0,1,2018,3,6,1,14:26:32,2018-01-21,Sunday,afternoon,weekend
Treadmill Running,2018-01-16 20:11:48,Treadmill Running,1.0,143.0,00:10:08,151,166,2.5,130.0,173.0,10:06,5:51,,,1.23,0:00,75.2,2.0,1,2018,3,1,1,20:11:48,2018-01-16,Tuesday,night,week_day
Treadmill Running,2018-01-16 19:24:25,Treadmill Running,0.95,92.0,00:07:01.4,138,145,2.0,168.0,183.0,7:23,5:39,,,1.3,0:00,66.2,1.0,1,2018,3,1,1,19:24:25,2018-01-16,Tuesday,night,week_day
Treadmill Running,2018-01-15 19:24:28,Treadmill Running,1.0,110.0,00:09:30.6,127,142,1.8,138.0,173.0,9:31,6:52,,,1.23,0:00,73.4,1.0,1,2018,3,0,1,19:24:28,2018-01-15,Monday,night,week_day
Treadmill Running,2018-01-15 18:06:21,Treadmill Running,1.0,116.0,00:08:46.0,140,156,2.2,149.0,183.0,8:47,6:23,,,1.23,0:00,71.6,1.0,1,2018,3,0,1,18:06:21,2018-01-15,Monday,night,week_day
Treadmill Running,2018-01-14 14:55:31,Treadmill Running,2.05,216.0,00:15:49,143,157,2.8,167.0,177.0,7:43,6:18,,,1.16,0:00,69.8,2.0,1,2018,2,6,1,14:55:31,2018-01-14,Sunday,afternoon,weekend
Treadmill Running,2018-01-13 16:07:25,Treadmill Running,0.9,112.0,00:07:43.1,151,154,2.3,161.0,177.0,8:33,7:20,,,1.17,0:00,73.4,1.0,1,2018,2,5,1,16:07:25,2018-01-13,Saturday,afternoon,weekend
Treadmill Running,2018-01-13 15:31:31,Treadmill Running,0.9,94.0,00:07:51.7,130,146,1.8,160.0,178.0,8:45,7:25,,,1.15,0:00,69.8,1.0,1,2018,2,5,1,15:31:31,2018-01-13,Saturday,afternoon,weekend
Treadmill Running,2018-01-12 18:19:09,Treadmill Running,0.93,126.0,00:08:40.0,153,168,2.6,153.0,179.0,9:18,6:08,,,1.13,0:00,73.4,1.0,1,2018,2,4,1,18:19:09,2018-01-12,Friday,night,week_day
Treadmill Running,2018-01-08 18:10:47,Treadmill Running,0.96,120.0,00:11:59,122,153,2.1,112.0,193.0,12:26,5:44,,,1.15,0:00,73.4,1.0,1,2018,2,0,1,18:10:47,2018-01-08,Monday,night,week_day
Treadmill Running,2018-01-08 17:18:58,Treadmill Running,0.97,161.0,00:15:32,129,159,2.4,95.0,177.0,15:59,7:12,,,1.06,0:00,73.4,1.0,1,2018,2,0,1,17:18:58,2018-01-08,Monday,afternoon,week_day
Treadmill Running,2018-01-07 13:51:18,Treadmill Running,3.47,497.0,00:45:00,143,180,4.9,121.0,183.0,12:57,6:51,,,0.97,0:00,71.6,4.0,1,2018,1,6,1,13:51:18,2018-01-07,Sunday,afternoon,weekend
Treadmill Running,2018-01-06 15:23:00,Treadmill Running,0.88,110.0,00:07:29.2,158,169,2.8,166.0,175.0,8:30,7:29,,,1.14,0:00,75.2,2.0,1,2018,1,5,1,15:23:00,2018-01-06,Saturday,afternoon,weekend
Treadmill Running,2018-01-06 14:33:38,Treadmill Running,0.94,105.0,00:07:52.8,143,158,2.5,163.0,177.0,8:24,6:14,,,1.18,0:00,75.2,1.0,1,2018,1,5,1,14:33:38,2018-01-06,Saturday,afternoon,weekend
Treadmill Running,2018-01-05 17:05:14,Treadmill Running,0.94,109.0,00:07:30.9,155,166,2.7,169.0,191.0,7:57,5:53,,,1.2,0:00,71.6,2.0,1,2018,1,4,1,17:05:14,2018-01-05,Friday,afternoon,week_day
Treadmill Running,2018-01-05 16:28:19,Treadmill Running,0.96,98.0,00:07:54.9,134,150,2.2,166.0,179.0,8:16,6:17,,,1.17,0:00,75.2,1.0,1,2018,1,4,1,16:28:19,2018-01-05,Friday,afternoon,week_day
Treadmill Running,2018-01-04 19:41:59,Treadmill Running,1.0,162.0,00:12:19,144,156,2.8,119.0,168.0,12:19,7:27,,,1.1,0:00,73.4,2.0,1,2018,1,3,1,19:41:59,2018-01-04,Thursday,night,week_day
Treadmill Running,2018-01-04 18:54:57,Treadmill Running,0.96,128.0,00:09:49.1,139,149,2.5,143.0,169.0,10:14,7:21,,,1.1,0:00,75.2,1.0,1,2018,1,3,1,18:54:57,2018-01-04,Thursday,night,week_day
Treadmill Running,2017-12-30 16:34:44,Treadmill Running,0.93,127.0,00:09:11.5,150,172,2.8,143.0,175.0,9:53,7:13,,,1.14,0:00,71.6,1.0,12,2017,52,5,4,16:34:44,2017-12-30,Saturday,afternoon,weekend
Treadmill Running,2017-12-28 18:35:56,Treadmill Running,2.0,272.0,00:21:20,148,167,3.5,133.0,181.0,10:40,4:36,,,1.55,0:00,75.2,3.0,12,2017,52,3,4,18:35:56,2017-12-28,Thursday,night,week_day
Treadmill Running,2017-12-27 18:04:33,Treadmill Running,2.01,190.0,00:13:04,155,160,3.2,160.0,169.0,6:30,7:32,,,1.15,0:00,75.2,2.0,12,2017,52,2,4,18:04:33,2017-12-27,Wednesday,night,week_day
Treadmill Running,2017-12-20 10:52:26,Treadmill Running,1.02,116.0,00:08:49.4,140,148,2.5,162.0,171.0,8:38,7:47,,,1.15,0:00,73.4,2.0,12,2017,51,2,4,10:52:26,2017-12-20,Wednesday,morning,week_day
Treadmill Running,2017-12-19 17:12:04,Treadmill Running,1.01,118.0,00:08:55.4,142,162,2.5,159.0,166.0,8:51,7:45,,,1.14,0:00,73.4,2.0,12,2017,51,1,4,17:12:04,2017-12-19,Tuesday,afternoon,week_day
Treadmill Running,2017-11-29 13:16:09,Treadmill Running,1.0,134.0,00:09:18.1,150,164,2.6,151.0,175.0,9:16,7:11,3,,1.15,0:00,77.0,2.0,11,2017,48,2,4,13:16:09,2017-11-29,Wednesday,afternoon,week_day
Treadmill Running,2017-11-29 12:35:28,Treadmill Running,1.02,123.0,00:08:55.8,144,157,2.4,158.0,168.0,8:45,6:18,3,3,1.33,0:00,77.0,2.0,11,2017,48,2,4,12:35:28,2017-11-29,Wednesday,afternoon,week_day
Running,2017-10-06 11:04:11,Kansas City Running,4.44,608.0,00:44:14,141,162,3.5,157.0,169.0,9:58,7:58,144,138,1.03,0:00,80.6,,10,2017,40,4,4,11:04:11,2017-10-06,Friday,morning,week_day
Strength Training,2017-09-25 19:30:13,Strength,0.0,80.0,00:15:46,88,107,0.2,,,,,,,0.0,0:00,73.4,,9,2017,39,0,3,19:30:13,2017-09-25,Monday,night,week_day
Running,2017-09-21 12:16:19,Kansas City Running,4.25,565.0,00:37:26,149,182,3.9,165.0,180.0,8:48,7:19,108,121,1.11,0:00,86.0,,9,2017,38,3,3,12:16:19,2017-09-21,Thursday,afternoon,week_day
Running,2017-09-19 18:45:46,Kansas City Running,4.32,553.0,00:36:57,148,170,4.2,165.0,177.0,8:33,7:16,98,141,1.14,0:00,82.4,,9,2017,38,1,3,18:45:46,2017-09-19,Tuesday,night,week_day
Running,2017-09-16 15:17:18,Kansas City Running,3.02,404.0,00:24:56,156,187,3.8,161.0,200.0,8:15,4:57,59,98,1.21,0:00,84.2,,9,2017,37,5,3,15:17:18,2017-09-16,Saturday,afternoon,weekend
